Product ID,Type,Air temperature [K],Process temperature [K],Rotational speed [rpm],Torque [Nm],Tool wear [min],Machine failure,TWF,HDF,PWF,OSF,RNF
L53446,L,300.8,310.5,1705,29.3,21,0,0,0,0,0,0
M18872,M,302.2,311.2,1544,36.3,178,0,0,0,0,0,0
M18872,M,302.2,311.2,1544,36.3,178,0,0,0,0,0,0
M16073,M,296.8,307.8,1551,39.5,113,0,0,0,0,0,0
L47503,L,297.8,308.5,1561,46.3,176,0,0,0,0,0,0
L55988,L,297.4,308.6,1446,48.1,18,0,0,0,0,0,0
L55988,L,297.4,308.6,1446,48.1,18,0,0,0,0,0,0
M18757,M,302.3,311.1,1640,32.8,139,0,0,0,0,0,0
L56060,L,298.0,309.2,1569,32.9,87,0,0,0,0,0,0
L49748,L,299.6,309.2,1495,34.1,143,0,0,0,0,0,0
L49748,L,299.6,309.2,1495,34.1,143,0,0,0,0,0,0
L50574,L,301.5,310.7,1348,58.5,181,0,0,0,0,0,0
L47358,L,298.2,308.2,1436,50.8,43,0,0,0,0,0,0
L49689,L,299.0,308.9,1511,37.7,12,0,0,0,0,0,0
M19406,M,302.5,310.5,1369,56.2,204,1,0,0,0,1,0
L54782,L,300.5,311.2,1771,26.5,20,1,0,0,0,0,0
L54878,L,300.5,311.5,1645,31.6,31,0,0,0,0,0,0
L53658,L,300.5,309.8,1663,28.8,145,0,0,0,0,0,0
L50697,L,302.0,310.9,1609,35.2,184,0,0,0,0,0,0
L56559,L,297.5,308.2,1517,48.5,13,0,0,0,0,0,0
L48397,L,297.0,308.1,1376,44.1,137,0,0,0,0,0,0
M17757,M,300.7,309.6,1501,39.6,93,0,0,0,0,0,0
L49295,L,299.4,309.0,1404,48.8,86,0,0,0,0,0,0
L47561,L,297.6,308.2,1546,38.3,39,0,0,0,0,0,0
M15817,M,295.6,306.4,1610,40.1,147,0,0,0,0,0,0
L52652,L,302.8,312.3,1542,57.8,172,0,0,0,0,0,0
L47944,L,296.7,307.8,1696,30.7,91,0,0,0,0,0,0
L52891,L,302.5,311.8,1840,24.4,152,0,0,0,0,0,0
L57074,L,298.9,309.5,1654,31.0,169,0,0,0,0,0,0
L51274,L,301.9,310.5,1435,43.9,110,0,0,0,0,0,0
L50363,L,300.1,309.4,1492,43.3,133,0,0,0,0,0,0
L55778,L,297.6,308.6,1542,35.9,193,0,0,0,0,0,0
L51086,L,302.3,311.2,1297,51.2,109,0,0,0,0,0,0
L54469,L,300.3,310.6,1533,43.9,86,0,0,0,0,0,0
H31774,H,299.1,308.1,1450,43.7,117,0,0,0,0,0,0
L47692,L,297.5,309.3,1491,44.8,24,0,0,0,0,0,0
L54728,L,300.2,311.4,1492,37.6,95,0,0,0,0,0,0
L53028,L,301.4,311.3,1734,27.4,98,0,0,0,0,0,0
L53028,L,301.4,311.3,1734,27.4,98,0,0,0,0,0,0
M21827,M,300.8,310.7,1385,44.3,93,0,0,0,0,0,0
M22546,M,300.7,311.8,1635,32.2,12,0,0,0,0,0,0
L51169,L,302.4,311.2,1620,32.7,203,0,0,0,0,0,0
L51169,L,302.4,311.2,1620,32.7,203,0,0,0,0,0,0
M19878,M,303.9,313.0,1578,29.7,75,0,0,0,0,0,0
L54206,L,300.6,310.7,1543,39.6,61,0,0,0,0,0,0
L49833,L,299.9,309.5,1571,38.2,119,0,0,0,0,0,0
L49833,L,299.9,309.5,1571,38.2,119,0,0,0,0,0,0
H37956,H,298.8,309.7,1429,44.4,136,0,0,0,0,0,0
M18176,M,301.4,310.5,1217,20.5,103,0,0,0,0,0,0
L51649,L,302.7,310.5,1483,39.0,207,0,0,0,0,0,0
L51649,L,302.7,310.5,1483,39.0,207,0,0,0,0,0,0
L50690,L,301.7,311.0,1624,32.7,164,0,0,0,0,0,0
L57142,L,298.2,307.9,1429,49.7,141,0,0,0,0,0,0
M15562,M,297.8,308.9,1842,24.6,94,0,0,0,0,0,0
M15562,M,297.8,308.9,1842,24.6,94,0,0,0,0,0,0
M19059,M,302.5,311.0,1451,32.0,137,0,0,0,0,0,0
L55070,L,300.8,312.4,1543,36.6,105,0,0,0,0,0,0
L52563,L,302.8,312.3,1433,50.0,204,0,0,0,0,0,0
L52563,L,302.8,312.3,1433,50.0,204,0,0,0,0,0,0
L55298,L,300.4,311.8,1553,42.0,16,0,0,0,0,0,0
L48897,L,298.2,307.7,1374,47.8,80,0,0,0,0,0,0
L56375,L,297.9,309.0,1418,42.8,47,0,0,0,0,0,0
L56375,L,297.9,309.0,1418,42.8,47,0,0,0,0,0,0
L54488,L,300.0,310.4,1333,43.1,131,0,0,0,0,0,0
L56786,L,298.9,310.1,1378,44.4,76,0,0,0,0,0,0
H34643,H,303.6,313.1,1790,26.7,17,0,0,0,0,0,0
H34643,H,303.6,313.1,1790,26.7,17,0,0,0,0,0,0
L49596,L,299.0,308.4,1571,38.8,0,0,0,0,0,0,0
M19093,M,302.2,310.9,1449,38.8,58,0,0,0,0,0,0
L49205,L,298.8,308.5,1675,30.8,67,0,0,0,0,0,0
L49205,L,298.8,308.5,1675,30.8,67,0,0,0,0,0,0
L53361,L,301.0,310.8,1731,27.8,17,0,0,0,0,0,0
M18097,M,300.9,309.5,1573,34.5,116,0,0,0,0,0,0
L53919,L,301.7,311.2,1312,52.9,154,0,0,0,0,0,0
L55968,L,297.3,308.5,1621,30.7,43,0,0,0,0,0,0
M19484,M,303.0,311.2,1418,44.5,200,0,0,0,0,0,0
L50336,L,300.4,309.7,1372,55.2,143,0,0,0,0,0,0
L53258,L,300.8,310.7,1357,51.2,201,0,0,0,0,0,0
L51270,L,302.0,310.5,1354,41.4,133,1,0,0,0,0,0
L54339,L,300.1,310.0,1480,43.5,185,1,0,0,0,0,0
M16229,M,298.7,310.3,1432,48.8,84,0,0,0,0,0,0
M24442,M,299.3,310.5,1529,33.4,9,0,0,0,0,0,0
M21452,M,301.5,310.7,1492,45.7,162,0,0,0,0,0,0
L57125,L,298.3,308.2,1395,44.0,2,0,0,0,0,0,0
L52112,L,303.3,312.4,1418,44.7,83,0,0,0,0,0,0
L49175,L,298.2,308.0,1462,50.3,196,0,0,0,0,0,0
L49175,L,298.2,308.0,1462,50.3,196,0,0,0,0,0,0
L56885,L,298.9,309.9,1574,33.4,72,0,0,0,0,0,0
L49322,L,299.3,308.9,1639,33.3,163,0,0,0,0,0,0
H38235,H,297.4,308.7,1413,50.7,127,0,0,0,0,0,0
H38235,H,297.4,308.7,1413,50.7,127,0,0,0,0,0,0
L52774,L,302.6,311.9,1605,31.4,69,0,0,0,0,0,0
M21485,M,301.6,310.8,1421,48.8,74,0,0,0,0,0,0
M17672,M,300.0,309.3,1413,41.7,117,0,0,0,0,0,0
M17672,M,300.0,309.3,1413,41.7,117,0,0,0,0,0,0
H31567,H,299.3,309.0,1530,39.8,204,0,0,0,0,0,0
M24095,M,298.2,309.0,1592,35.2,124,0,0,0,0,0,0
M21431,M,301.3,310.6,1559,34.2,173,0,0,0,0,0,0
M21431,M,301.3,310.6,1559,34.2,173,0,0,0,0,0,0
L49420,L,299.3,308.8,1479,45.1,195,0,0,0,0,0,0
L51377,L,302.4,311.0,1573,34.4,171,0,0,0,0,0,0
L47915,L,296.9,308.4,1427,46.4,173,0,0,0,0,0,0
L47915,L,296.9,308.4,1427,46.4,173,0,0,0,0,0,0
L49955,L,300.1,309.2,1510,43.4,49,0,0,0,0,0,0
M19063,M,302.0,310.9,1427,45.7,189,0,0,0,0,0,0
L49463,L,299.4,308.7,1390,52.7,98,0,0,0,0,0,0
L49463,L,299.4,308.7,1390,52.7,98,0,0,0,0,0,0
L47784,L,297.9,309.9,1332,59.0,67,0,0,0,0,0,0
M18055,M,300.0,309.1,1563,37.3,4,0,0,0,0,0,0
L50968,L,302.3,311.0,1560,33.7,24,0,0,0,0,0,0
L50968,L,302.3,311.0,1560,33.7,24,0,0,0,0,0,0
L52012,L,303.5,311.9,1436,45.1,32,0,0,0,0,0,0
L53655,L,300.5,309.7,1422,40.2,139,0,0,0,0,0,0
L47622,L,297.4,308.4,1479,42.5,61,0,0,0,0,0,0
L47622,L,297.4,308.4,1479,42.5,61,0,0,0,0,0,0
L55410,L,299.1,310.5,1738,26.9,101,0,0,0,0,0,0
L48805,L,297.9,307.8,1551,33.9,73,0,0,0,0,0,0
L53314,L,301.0,311.0,1457,37.0,127,0,0,0,0,0,0
L53314,L,301.0,311.0,1457,37.0,127,0,0,0,0,0,0
L50962,L,302.2,310.8,1486,44.6,9,0,0,0,0,0,0
M16370,M,298.2,308.7,1502,38.9,0,0,0,0,0,0,0
L52628,L,303.0,312.7,1448,41.8,111,0,0,0,0,0,0
L52628,L,303.0,312.7,1448,41.8,111,0,0,0,0,0,0
M20650,M,301.3,311.1,1412,43.2,129,0,0,0,0,0,0
L55304,L,300.2,311.4,1534,43.5,34,0,0,0,0,0,0
L55270,L,300.2,311.4,1910,38.7,101,0,0,0,0,0,0
L55270,L,300.2,311.4,1910,38.7,101,0,0,0,0,0,0
L51202,L,302.1,310.9,1771,26.4,49,0,0,0,0,0,0
L52957,L,301.6,311.1,1436,44.4,106,0,0,0,0,0,0
L47403,L,298.4,308.6,1739,26.1,0,0,0,0,0,0,0
L47403,L,298.4,308.6,1739,26.1,0,0,0,0,0,0,0
L52834,L,302.3,311.6,1544,34.3,5,0,0,0,0,0,0
L51640,L,302.5,310.5,1540,37.6,193,0,0,0,0,0,0
L47340,L,298.4,308.2,1553,32.7,216,0,0,0,0,0,0
L47340,L,298.4,308.2,1553,32.7,216,0,0,0,0,0,0
L56535,L,298.3,308.9,1349,28.0,131,0,0,0,0,0,0
L47310,L,298.8,308.4,1566,32.7,119,0,0,0,0,0,0
M24070,M,297.9,310.0,1431,49.5,73,0,0,0,0,0,0
M24070,M,297.9,310.0,1431,49.5,73,0,0,0,0,0,0
L52041,L,303.5,312.3,1573,34.2,114,0,0,0,0,0,0
L51121,L,302.2,311.2,1395,41.3,198,0,0,0,0,0,0
M22107,M,300.2,310.3,1530,34.9,196,0,0,0,0,0,0
M22107,M,300.2,310.3,1530,34.9,196,0,0,0,0,0,0
L49414,L,299.4,308.6,1492,42.2,181,0,0,0,0,0,0
M17567,M,299.8,309.2,1446,43.7,171,0,0,0,0,0,0
L50544,L,301.4,310.5,1633,30.3,24,0,0,0,0,0,0
L50544,L,301.4,310.5,1633,30.3,24,0,0,0,0,0,0
L56112,L,297.4,308.4,1523,38.4,4,0,0,0,0,0,0
L55161,L,301.0,312.3,1418,42.3,107,0,0,0,0,0,0
L51955,L,303.5,312.0,1409,51.0,105,0,0,0,0,0,0
L51955,L,303.5,312.0,1409,51.0,105,0,0,0,0,0,0
M21937,M,300.7,310.5,1594,31.0,59,0,0,0,0,0,0
L48887,L,298.2,307.7,1686,30.8,13,0,0,0,0,0,0
L52589,L,302.6,312.4,1564,36.0,119,0,0,0,0,0,0
L52589,L,302.6,312.4,1564,36.0,119,0,0,0,0,0,0
L47402,L,298.4,308.6,1446,45.0,0,0,0,0,0,0,0
H37508,H,300.2,311.7,1376,55.3,162,0,0,0,0,0,0
L49551,L,299.3,308.5,1520,34.8,91,0,0,0,0,0,0
L49551,L,299.3,308.5,1520,34.8,91,0,0,0,0,0,0
M24097,M,298.1,308.9,1699,30.6,147,0,0,0,0,0,0
L56322,L,297.6,308.6,1519,34.5,96,0,0,0,0,0,0
L54894,L,300.5,311.5,1450,47.6,80,0,0,0,0,0,0
L54894,L,300.5,311.5,1450,47.6,80,0,0,0,0,0,0
M15767,M,295.6,306.1,1736,29.0,161,0,0,0,0,0,0
L55304,L,300.2,311.4,1450,43.2,34,0,0,0,0,0,0
L49513,L,299.2,308.5,1578,36.0,214,0,0,0,0,0,0
L49513,L,299.2,308.5,1578,36.0,214,0,0,0,0,0,0
L55609,L,299.0,310.4,2861,4.6,92,0,0,0,1,0,0
L50241,L,300.1,309.0,1353,58.7,48,0,0,0,0,0,0
M18412,M,301.8,311.0,1496,37.0,59,0,0,0,0,0,0
M18412,M,301.8,311.0,1496,37.0,59,0,0,0,0,0,0
M22193,M,299.9,310.4,1542,53.3,201,0,0,0,0,0,0
L50043,L,300.6,309.4,1544,44.1,244,0,0,0,0,0,0
L50608,L,301.5,310.4,1692,28.8,160,0,0,0,0,0,0
L50608,L,301.5,310.4,1692,28.8,160,0,0,0,0,0,0
L55348,L,299.6,311.1,1435,40.2,148,0,0,0,0,0,0
L56778,L,299.0,310.2,1481,41.1,54,0,0,0,0,0,0
M21611,M,301.7,311.1,1465,44.2,188,0,0,0,0,0,0
M21611,M,301.7,311.1,1465,44.2,188,0,0,0,0,0,0
M21722,M,301.1,311.2,1470,40.8,48,0,0,0,0,0,0
L54361,L,300.2,310.3,1731,26.4,30,0,0,0,0,0,0
H34477,H,304.0,312.9,1469,46.6,0,0,0,0,0,0,0
H34477,H,304.0,312.9,1469,46.6,0,0,0,0,0,0,0
L49609,L,298.9,308.3,1567,35.2,162,0,0,0,0,0,0
L49609,L,298.9,308.3,1567,35.2,162,0,0,0,0,0,0
L56216,L,297.3,308.4,1519,37.7,114,0,0,0,0,0,0
L48605,L,298.7,309.7,1356,54.0,160,0,0,0,0,0,0
L47871,L,297.6,309.1,1341,46.4,56,0,0,0,0,0,0
L47871,L,297.6,309.1,1341,46.4,56,0,0,0,0,0,0
L49689,L,299.0,308.9,1348,46.3,16,0,0,0,0,0,0
M16854,M,298.2,307.9,1633,28.1,193,0,0,0,0,0,0
L48366,L,297.3,308.4,1519,39.5,31,0,0,0,0,0,0
L54073,L,301.0,311.6,1374,43.4,133,0,0,0,0,0,0
M22024,M,300.2,310.5,1452,48.5,0,0,0,0,0,0,0
M22024,M,300.2,310.5,1452,48.5,0,0,0,0,0,0,0
H35862,H,300.8,310.8,1500,43.6,173,0,0,0,0,0,0
L57023,L,298.3,309.3,1383,52.1,33,0,0,0,0,0,0
L54034,L,301.0,311.2,1511,42.9,0,0,0,0,0,0,0
L54034,L,301.0,311.2,1511,42.9,0,0,0,0,0,0,0
L56090,L,297.1,308.2,1550,29.8,148,0,0,0,0,0,0
M23051,M,299.6,310.9,1379,46.3,206,0,0,0,0,0,0
L55230,L,300.2,311.5,1720,25.2,50,0,0,0,0,0,0
L55230,L,300.2,311.5,1720,25.2,50,0,0,0,0,0,0
L50996,L,302.2,311.0,1351,47.6,12,0,0,0,0,0,0
M16886,M,298.7,308.5,1360,46.5,69,0,0,0,0,0,0
L55374,L,299.4,310.8,1522,38.7,213,0,0,0,0,0,0
L55374,L,299.4,310.8,1522,38.7,213,0,0,0,0,0,0
L48384,L,296.9,308.1,1521,34.5,84,0,0,0,0,0,0
L55280,L,300.3,311.8,1682,27.8,178,0,0,0,0,0,0
M18325,M,301.4,310.3,1387,57.5,119,0,0,0,0,0,0
M18325,M,301.4,310.3,1387,57.5,119,0,0,0,0,0,0
L51377,L,302.4,311.0,1573,35.9,193,0,0,0,0,0,0
L56196,L,297.3,308.1,1396,42.4,212,0,0,0,0,0,0
M23439,M,298.3,308.1,1706,26.0,143,0,0,0,0,0,0
M23439,M,298.3,308.1,1706,26.0,143,0,0,0,0,0,0
L55053,L,300.6,312.3,1341,51.7,119,0,0,0,0,0,0
M19454,M,303.0,311.1,1429,50.0,194,0,0,0,0,0,0
L50551,L,301.4,310.6,1470,43.9,19,0,0,0,0,0,0
L50551,L,301.4,310.6,1470,43.9,19,0,0,0,0,0,0
M18423,M,301.7,310.7,1465,35.8,82,0,0,0,0,0,0
L48182,L,296.3,307.2,1448,35.0,192,0,0,0,0,0,0
L55476,L,298.7,310.1,1513,39.0,210,0,0,0,0,0,0
L55476,L,298.7,310.1,1513,39.0,210,0,0,0,0,0,0
H35177,H,301.8,311.2,1453,42.9,179,0,0,0,0,0,0
L49188,L,298.5,308.3,1543,39.3,28,0,0,0,0,0,0
M20357,M,302.9,312.5,1547,37.5,20,0,0,0,0,0,0
M20357,M,302.9,312.5,1547,37.5,20,0,0,0,0,0,0
L49079,L,297.8,307.5,1512,37.1,20,0,0,0,0,0,0
M17753,M,300.7,309.6,1720,29.3,32,0,0,0,0,0,0
L49324,L,299.3,308.9,1459,45.5,27,0,0,0,0,0,0
L56041,L,297.9,309.1,1446,46.5,27,0,0,0,0,0,0
L55352,L,299.9,311.3,1486,40.9,153,0,0,0,0,0,0
L55352,L,299.9,311.3,1486,40.9,153,0,0,0,0,0,0
L51762,L,302.9,311.1,1610,38.8,71,0,0,0,0,0,0
L54973,L,300.1,311.4,1634,31.6,80,0,0,0,0,0,0
M17643,M,300.2,309.5,1528,35.1,44,0,0,0,0,0,0
M17643,M,300.2,309.5,1528,35.1,44,0,0,0,0,0,0
L55674,L,298.3,309.5,1542,42.3,0,0,0,0,0,0,0
L54524,L,299.8,310.3,1495,38.4,11,0,0,0,0,0,0
L49076,L,297.8,307.4,1418,49.0,188,0,0,0,0,0,0
L49076,L,297.8,307.4,1418,49.0,188,0,0,0,0,0,0
M17227,M,299.3,308.5,1578,39.4,80,0,0,0,0,0,0
L52850,L,302.2,311.5,1466,47.2,52,0,0,0,0,0,0
L54810,L,300.5,311.6,1520,35.7,117,0,0,0,0,0,0
L54810,L,300.5,311.6,1520,35.7,117,0,0,0,0,0,0
L53244,L,301.1,311.0,1563,38.5,119,0,0,0,0,0,0
L47279,L,298.8,308.8,1445,42.0,55,0,0,0,0,0,0
L52957,L,301.6,311.1,1418,44.1,106,0,0,0,0,0,0
L52957,L,301.6,311.1,1418,44.1,106,0,0,0,0,0,0
L49713,L,298.9,308.7,1344,53.6,71,0,0,0,0,0,0
M21865,M,300.6,310.7,1530,52.9,0,0,0,0,0,0,0
H34569,H,304.2,313.3,1366,37.3,27,0,0,0,0,0,0
M17108,M,299.3,308.5,1425,45.3,7,0,0,0,0,0,0
L56538,L,298.2,308.4,1390,45.1,49,0,0,0,0,0,0
L56538,L,298.2,308.4,1390,45.1,49,0,0,0,0,0,0
M23403,M,298.4,309.4,1372,48.7,139,0,0,0,0,0,0
L53297,L,300.9,310.8,1550,44.4,112,0,0,0,0,0,0
H31522,H,299.3,309.2,1468,40.4,5,0,0,0,0,0,0
H31522,H,299.3,309.2,1468,40.4,5,0,0,0,0,0,0
L49179,L,298.4,308.0,1457,46.2,9,0,0,0,0,0,0
L51658,L,302.5,310.2,1497,41.6,203,0,0,0,0,0,0
L56552,L,297.7,308.4,1598,33.3,80,0,0,0,0,0,0
L56552,L,297.7,308.4,1598,33.3,80,0,0,0,0,0,0
L52360,L,304.0,313.2,1684,32.9,17,0,0,0,0,0,0
L52587,L,302.7,312.4,1465,41.5,199,0,0,0,0,0,0
L51698,L,302.4,310.3,1480,35.0,13,0,0,0,0,0,0
L51698,L,302.4,310.3,1480,35.0,13,0,0,0,0,0,0
L51749,L,302.8,310.9,1611,35.8,38,0,0,0,0,0,0
L54811,L,300.3,311.4,1378,54.6,92,0,0,0,0,0,0
H32049,H,299.9,309.4,1364,51.0,135,0,0,0,0,0,0
H32049,H,299.9,309.4,1364,51.0,135,0,0,0,0,0,0
M17605,M,299.7,309.1,1457,38.5,170,0,0,0,0,0,0
L55220,L,300.8,311.9,1438,48.0,23,0,0,0,0,0,0
L52223,L,304.1,313.2,1372,43.9,148,0,0,0,0,0,1
L52223,L,304.1,313.2,1372,43.9,148,0,0,0,0,0,1
M16604,M,298.0,307.8,1724,25.9,171,0,0,0,0,0,0
L54725,L,300.2,311.4,1510,36.9,86,0,0,0,0,0,0
L54973,L,300.4,311.5,1418,40.9,179,0,0,0,0,0,0
L54973,L,300.4,311.5,1418,40.9,179,0,0,0,0,0,0
M19737,M,303.7,312.4,1546,42.0,149,0,0,0,0,0,0
M19737,M,303.7,312.4,1546,42.0,149,0,0,0,0,0,0
L50656,L,301.8,310.6,1522,37.6,10,0,0,0,0,0,0
M16853,M,298.1,308.0,1425,49.3,190,0,0,0,0,0,0
L55687,L,298.4,309.4,1615,39.8,165,0,0,0,0,0,0
L55687,L,298.4,309.4,1615,39.8,165,0,0,0,0,0,0
L56260,L,297.3,308.0,1869,25.4,163,0,0,0,0,0,0
L53047,L,301.5,311.1,1474,45.0,0,0,0,0,0,0,0
M15226,M,297.6,308.5,1582,38.2,74,0,0,0,0,0,0
M15226,M,297.6,308.5,1582,38.2,74,0,0,0,0,0,0
L52080,L,303.6,312.3,1488,44.5,221,0,0,0,0,0,0
L54286,L,300.8,310.5,1482,27.9,47,0,0,0,0,0,0
L51940,L,303.6,311.7,1433,50.5,162,0,0,0,0,0,0
L51940,L,303.6,311.7,1433,50.5,162,0,0,0,0,0,0
L51655,L,302.6,310.4,1426,45.2,10,0,0,0,0,0,0
L53782,L,301.5,310.6,1606,34.7,54,0,0,0,0,0,1
M24019,M,297.5,308.6,1578,34.2,7,0,0,0,0,0,0
M24019,M,297.5,308.6,1578,34.2,7,0,0,0,0,0,0
M21758,M,301.2,311.6,1512,43.7,145,0,0,0,0,0,0
L57146,L,298.3,307.8,1394,45.3,147,0,0,0,0,0,0
L53199,L,300.7,310.7,1480,40.2,55,0,0,0,0,0,0
L50971,L,302.3,311.0,1624,40.8,30,0,0,0,0,0,0
H32563,H,300.4,309.7,1815,26.6,112,0,0,0,0,0,0
H32563,H,300.4,309.7,1815,26.6,112,0,0,0,0,0,0
L54836,L,300.5,311.6,1605,31.1,193,0,0,0,0,0,0
L50992,L,302.0,310.7,1392,50.0,84,0,0,0,0,0,0
L47470,L,298.0,308.7,1407,45.5,105,0,0,0,0,0,0
L47470,L,298.0,308.7,1407,45.5,105,0,0,0,0,0,0
L53641,L,300.6,310.0,1395,51.2,107,0,0,0,0,0,0
L50373,L,300.1,309.1,1488,44.1,0,0,0,0,0,0,0
L56257,L,297.3,308.1,1522,36.1,5,0,0,0,0,0,0
L50009,L,300.3,309.3,1412,40.4,158,0,0,0,0,0,0
M20608,M,302.2,311.7,1457,44.5,28,0,0,0,0,0,0
M20608,M,302.2,311.7,1457,44.5,28,0,0,0,0,0,0
L54865,L,300.5,311.7,1397,43.7,227,0,0,0,0,0,0
L50307,L,300.1,309.5,1717,28.3,48,0,0,0,0,0,0
L52442,L,303.4,313.0,1434,45.9,107,0,0,0,0,0,0
L52442,L,303.4,313.0,1434,45.9,107,0,0,0,0,0,0
L48723,L,298.4,309.0,1738,28.9,163,0,0,0,0,0,0
L53415,L,301.3,310.9,1529,41.2,157,0,0,0,0,0,0
M24520,M,299.0,310.0,1567,34.6,218,0,0,0,0,0,0
M24520,M,299.0,310.0,1567,34.6,218,0,0,0,0,0,0
L50890,L,302.2,311.3,1489,38.3,35,0,0,0,0,0,0
M22688,M,299.8,311.1,1487,35.7,170,0,0,0,0,0,0
L55403,L,299.1,310.5,1430,54.8,76,0,0,0,0,0,0
L55403,L,299.1,310.5,1430,54.8,76,0,0,0,0,0,0
L56941,L,298.6,309.7,1703,44.0,5,0,0,0,0,0,0
L56941,L,298.6,309.7,1703,44.0,5,0,0,0,0,0,0
M22564,M,300.6,311.6,1761,26.4,52,0,0,0,0,0,0
L56869,L,298.9,309.9,1469,48.6,93,0,0,0,0,0,0
L53448,L,300.9,310.5,1602,41.0,98,0,0,0,0,0,0
L53448,L,300.9,310.5,1602,41.0,98,0,0,0,0,0,0
L50604,L,301.5,310.5,1657,32.9,155,0,0,0,0,0,0
L56764,L,298.9,310.1,1470,44.5,13,0,0,0,0,0,0
L56257,L,297.3,308.1,1385,43.2,154,0,0,0,0,0,0
L56257,L,297.3,308.1,1385,43.2,154,0,0,0,0,0,0
L55686,L,298.3,309.6,1710,27.3,163,0,0,0,0,0,0
L53978,L,301.2,310.7,1367,52.1,98,1,0,0,0,0,0
H35717,H,301.2,310.6,1457,50.5,0,1,0,0,0,0,0
H35717,H,301.2,310.6,1457,50.5,0,0,0,0,0,0,0
H36485,H,300.7,310.6,1496,37.3,179,0,0,0,0,0,0
L56456,L,298.2,308.7,1751,28.3,49,0,0,0,0,0,0
L55458,L,298.8,310.5,1464,46.4,207,0,1,0,0,0,0
L55458,L,298.8,310.5,1464,46.4,207,1,1,0,0,0,0
L56335,L,297.5,308.6,1474,39.2,143,1,0,0,0,0,0
H33541,H,302.1,310.6,1688,27.1,12,0,0,0,0,0,0
L54077,L,300.8,311.4,1618,36.9,62,0,0,0,0,0,0
L54077,L,300.8,311.4,1618,36.9,62,0,0,0,0,0,0
M17749,M,300.7,309.7,1622,38.2,142,0,0,0,0,0,0
L56162,L,297.0,307.8,1582,37.7,155,0,0,0,0,0,0
L53566,L,300.2,309.6,1525,41.9,120,0,0,0,0,0,0
L53566,L,300.2,309.6,1525,41.9,120,0,0,0,0,0,0
L52712,L,302.4,311.8,1486,37.6,110,0,0,0,0,0,0
L49264,L,299.7,309.3,1544,36.9,5,0,0,0,0,0,0
L53480,L,301.2,310.7,1517,36.7,107,0,0,0,0,0,0
L53480,L,301.2,310.7,1517,36.7,107,0,0,0,0,0,0
M20887,M,300.7,311.0,1418,44.3,72,0,0,0,0,0,0
L49246,L,299.6,309.6,1352,45.7,5,0,0,0,0,0,0
L55406,L,299.1,310.5,1350,51.4,64,0,0,0,0,0,0
L55406,L,299.1,310.5,1350,51.4,64,0,0,0,0,0,0
M18096,M,300.9,309.5,1460,41.6,113,0,0,0,0,0,0
L55255,L,300.4,312.0,1564,34.1,117,0,0,0,0,0,0
L51778,L,303.1,311.2,1720,49.2,111,0,0,0,0,0,0
L51778,L,303.1,311.2,1720,49.2,111,0,0,0,0,0,0
L51878,L,303.4,311.6,1359,52.7,137,0,0,0,0,0,0
M18410,M,301.9,311.0,1432,51.6,186,0,0,0,0,0,0
L56612,L,298.0,308.5,1436,46.1,45,0,0,0,0,0,0
L56612,L,298.0,308.5,1436,46.1,45,0,0,0,0,0,0
L53098,L,300.6,310.0,1521,38.1,40,0,0,0,0,0,0
L51622,L,302.5,310.1,1501,38.5,94,0,0,0,0,0,0
M17016,M,299.4,308.9,1919,21.8,146,0,0,0,0,0,0
M17227,M,299.2,308.5,1529,38.5,80,0,0,0,0,0,0
L55331,L,299.5,310.7,1523,40.9,117,0,0,0,0,0,0
L55331,L,299.5,310.7,1523,40.9,117,0,0,0,0,0,0
L55118,L,300.8,311.9,1681,31.3,221,0,0,0,0,0,0
L55118,L,300.8,311.9,1681,31.3,221,0,0,0,0,0,0
L56115,L,297.4,308.3,1801,26.9,13,0,0,0,0,0,0
L55687,L,298.4,309.7,1349,51.1,158,0,0,0,0,0,0
L51657,L,302.6,310.4,1477,45.2,14,0,0,0,0,0,0
L51657,L,302.6,310.4,1477,45.2,14,0,0,0,0,0,0
L48759,L,298.3,308.3,1512,44.5,176,0,0,0,0,0,0
L56823,L,299.4,310.0,1804,27.6,175,0,0,0,0,0,0
H34965,H,302.4,311.9,1326,47.3,55,0,0,0,0,0,0
H34965,H,302.4,311.9,1326,47.3,55,1,0,0,0,0,0
H32897,H,301.9,310.8,1605,34.2,85,1,0,0,0,0,0
M21764,M,300.9,311.5,1608,33.9,156,0,0,0,0,0,0
L47304,L,298.8,308.4,1389,49.1,114,0,0,0,0,0,0
L47304,L,298.8,308.4,1389,49.1,114,0,0,0,0,0,0
L48799,L,297.9,308.1,1590,27.3,173,0,0,0,0,0,0
H39188,H,298.6,309.5,1483,43.3,92,0,0,0,0,0,0
L47306,L,299.0,308.7,1560,31.8,118,0,0,0,0,0,0
L47306,L,299.0,308.7,1560,31.8,118,0,0,0,0,0,0
H38469,H,297.3,308.4,1864,23.1,0,0,0,0,0,0,0
L49864,L,299.8,309.4,1538,37.4,27,0,0,0,0,0,0
L53727,L,301.3,310.8,1740,29.2,110,0,0,0,0,0,0
L53727,L,301.3,310.8,1740,29.2,110,0,0,0,0,0,0
H39180,H,298.6,309.6,2218,16.6,16,0,0,0,0,0,0
L56582,L,297.7,308.1,1523,39.2,139,0,0,0,0,0,0
L54895,L,300.5,311.5,1445,42.6,80,0,0,0,0,0,0
L54895,L,300.5,311.5,1445,42.6,80,0,0,0,0,0,0
L48520,L,298.6,310.4,1569,36.3,10,0,0,0,0,0,0
M24596,M,298.9,310.0,1549,58.2,150,0,0,0,0,0,0
M18384,M,301.8,310.8,1563,38.0,62,0,0,0,0,0,0
M18384,M,301.8,310.8,1563,38.0,62,0,0,0,0,0,0
L49959,L,300.1,309.5,1474,42.2,32,0,0,0,0,0,0
L56286,L,297.4,308.3,1475,38.8,146,0,0,0,0,0,0
L50393,L,300.4,309.2,1752,29.4,52,0,0,0,0,0,0
L50393,L,300.4,309.2,1752,29.4,52,0,0,0,0,0,0
L55605,L,299.1,310.6,1629,33.7,172,0,0,0,0,0,0
M23992,M,297.6,308.6,1685,30.6,90,0,0,0,0,0,0
H34464,H,304.0,312.6,1595,30.5,171,0,0,0,0,0,0
H34464,H,304.0,312.6,1595,30.5,171,0,0,0,0,0,0
L55117,L,300.7,311.7,1578,31.4,219,0,0,0,0,0,0
L49643,L,298.9,308.4,1580,39.1,119,0,0,0,0,0,0
L57071,L,298.8,309.5,1434,45.5,188,0,0,0,0,0,0
L57071,L,298.8,309.5,1434,45.5,188,0,0,0,0,0,0
L55232,L,300.5,311.9,1540,39.8,54,0,0,0,0,0,0
L48161,L,296.2,306.7,1556,32.3,161,0,0,0,0,0,0
L51935,L,303.4,311.7,1436,44.2,58,0,0,0,0,0,0
L51935,L,303.4,311.7,1436,44.2,58,0,0,0,0,0,0
L48449,L,298.1,309.5,1428,41.8,48,0,0,0,0,0,0
L51911,L,303.3,311.9,1601,37.8,204,0,0,0,0,0,0
H37423,H,300.9,310.9,2129,17.8,57,0,0,0,0,0,0
H37423,H,300.9,310.9,2129,17.8,57,0,0,0,0,0,0
L53330,L,301.1,310.9,1350,58.5,165,0,0,0,0,0,0
L53476,L,301.0,310.5,1429,38.6,56,0,0,0,0,0,0
L56949,L,298.6,309.6,1386,48.6,179,0,0,0,0,0,0
L56857,L,299.0,310.0,1488,40.2,139,0,0,0,0,0,0
L51572,L,302.2,310.1,1449,45.1,173,0,0,0,0,0,0
L50752,L,301.8,311.0,1605,31.6,112,0,0,0,0,0,0
L50532,L,301.4,310.8,1680,30.3,189,0,0,0,0,0,0
L50532,L,301.4,310.8,1680,30.3,189,0,0,0,0,0,0
L49590,L,299.1,308.5,1513,40.2,2,0,0,0,0,0,0
L49668,L,298.9,308.7,1356,50.7,171,0,0,0,0,0,0
L53183,L,300.5,310.2,1594,32.9,127,0,0,0,0,0,0
L53183,L,300.5,310.2,1594,32.9,127,0,0,0,0,0,0
L51813,L,303.0,311.2,1365,53.8,203,0,0,0,0,0,0
H34780,H,303.5,312.6,1674,27.0,69,0,0,0,0,0,0
L50952,L,302.3,311.0,1871,22.5,195,0,0,0,0,0,0
L50952,L,302.3,311.0,1871,22.5,195,0,0,0,0,0,0
L51791,L,303.0,311.3,1365,56.2,7,0,0,1,0,0,0
L54307,L,300.6,310.0,1570,33.8,171,0,0,0,0,0,0
L53235,L,300.7,310.8,1475,43.4,147,0,0,0,0,0,0
L53235,L,300.7,310.8,1475,43.4,147,0,0,0,0,0,0
L56400,L,297.8,309.1,1282,58.1,108,0,0,0,0,0,0
H39262,H,298.5,309.2,1426,50.1,39,0,0,0,0,0,0
L54460,L,300.1,310.3,1528,39.1,57,0,0,0,0,0,0
L54460,L,300.1,310.3,1528,39.1,57,0,0,0,0,0,0
H34206,H,303.7,312.7,1495,40.2,150,0,0,0,0,0,0
M16687,M,297.9,307.3,1410,47.8,148,0,0,0,0,0,0
L53237,L,300.8,310.8,1541,36.9,0,0,0,0,0,0,0
L53237,L,300.8,310.8,1541,36.9,0,0,0,0,0,0,0
L53589,L,300.6,310.0,1402,50.0,182,0,0,0,0,0,0
H35973,H,301.5,310.6,1517,39.0,143,0,0,0,0,0,0
M23667,M,297.4,308.6,1447,45.8,104,0,0,0,0,0,0
M23667,M,297.4,308.6,1447,45.8,104,0,0,0,0,0,0
M18042,M,300.1,309.4,1443,50.3,199,0,0,0,0,0,0
L56364,L,297.9,309.1,1348,54.0,30,0,0,0,0,0,0
L52713,L,302.4,311.7,1721,26.9,166,0,0,0,0,0,0
L52713,L,302.4,311.7,1721,26.9,166,0,0,0,0,0,0
L48427,L,297.2,308.6,1569,38.6,122,0,0,0,0,0,0
M16698,M,297.8,307.2,1469,39.6,199,0,0,0,0,0,0
H35397,H,300.7,310.8,1448,49.3,188,0,0,0,0,0,0
H35397,H,300.7,310.8,1448,49.3,188,0,0,0,0,0,0
L56776,L,298.9,310.1,1510,38.6,50,0,0,0,0,0,0
L54910,L,300.6,311.6,1427,55.2,126,0,0,0,0,0,0
L48589,L,298.9,310.2,1466,48.5,127,0,0,0,0,0,0
L48589,L,298.9,310.2,1466,48.5,127,0,0,0,0,0,0
L53971,L,301.2,310.7,1551,41.2,76,0,0,0,0,0,0
L54860,L,300.7,311.7,1520,46.5,215,1,0,0,0,0,0
L48220,L,296.6,307.7,1685,27.1,202,1,0,0,0,0,0
L48220,L,296.6,307.7,1685,27.1,202,0,0,0,0,0,0
L49843,L,299.9,309.3,1400,47.9,196,0,0,0,0,0,0
H33896,H,302.7,310.5,1479,46.9,28,0,0,0,0,0,0
H38066,H,297.3,308.3,1353,41.5,108,0,0,0,0,0,0
M20118,M,303.3,312.6,1511,44.0,5,0,0,0,0,0,0
M20352,M,302.9,312.7,1449,46.3,5,0,0,0,0,0,0
M15691,M,296.6,307.4,1544,42.3,137,0,0,0,0,0,0
L48490,L,298.8,310.2,1498,35.0,27,0,0,0,0,0,0
L48693,L,298.1,308.7,1568,45.0,10,1,0,0,0,0,0
L47912,L,297.2,308.6,1533,30.6,163,1,0,0,0,0,0
L47752,L,297.8,309.9,1809,24.8,181,0,0,0,0,0,0
M17053,M,299.5,308.9,1448,47.3,74,0,0,0,0,0,0
M20356,M,302.8,312.5,1605,34.9,34,0,0,0,0,0,0
L52434,L,303.5,313.1,1408,46.6,75,0,0,0,0,0,0
M24756,M,298.8,309.3,1618,31.8,173,0,0,0,0,0,0
L50199,L,300.6,309.8,1376,51.1,24,0,0,0,0,0,0
L54825,L,300.4,311.4,1332,52.4,129,0,0,0,0,0,0
L47943,L,296.7,308.0,1491,46.7,3,0,0,0,0,0,0
L48302,L,296.8,307.4,1631,29.3,98,0,0,0,0,0,0
L47792,L,298.1,309.8,1413,50.6,51,0,0,0,0,0,0
L47792,L,298.1,309.8,1413,50.6,51,0,0,0,0,0,0
L48817,L,297.9,307.8,1488,39.6,102,0,0,0,0,0,0
M20626,M,301.7,311.1,1469,42.6,79,0,0,0,0,0,0
L56761,L,299.3,310.4,1418,53.1,10,0,0,0,0,0,0
L56761,L,299.3,310.4,1418,53.1,10,1,0,0,0,0,0
M20043,M,303.9,313.1,1901,22.5,108,1,0,0,0,0,0
L55605,L,299.2,310.6,1567,38.4,2,0,0,0,0,0,0
L48046,L,295.6,306.2,1459,50.3,69,0,0,0,0,0,0
L48046,L,295.6,306.2,1459,50.3,69,0,0,0,0,0,0
L55737,L,298.3,309.0,1579,35.7,91,0,0,0,0,0,0
L50651,L,301.8,310.7,1636,35.0,62,0,0,0,0,0,0
L52308,L,304.1,313.2,1450,41.9,175,0,0,0,0,0,0
L52308,L,304.1,313.2,1450,41.9,175,0,0,0,0,0,0
M18107,M,301.0,309.8,1292,60.0,143,0,0,0,0,0,0
L55886,L,297.2,308.5,1650,31.1,34,0,0,0,0,0,0
M17256,M,299.2,308.9,1442,48.9,153,0,0,0,0,0,0
M17256,M,299.2,308.9,1442,48.9,153,0,0,0,0,0,0
L48589,L,298.9,310.1,1650,32.9,187,0,0,0,0,0,0
L52099,L,303.7,312.3,1697,30.7,122,0,0,0,0,0,0
L50365,L,300.1,309.2,1442,49.3,203,0,0,0,0,0,0
L50365,L,300.1,309.2,1442,49.3,203,1,0,0,0,0,0
L55961,L,297.6,308.7,1456,44.7,27,1,0,0,0,0,0
M17385,M,298.9,308.6,1598,35.1,52,0,0,0,0,0,0
M19093,M,302.4,310.3,1308,54.0,58,0,0,0,0,0,0
M19093,M,302.4,310.3,1308,54.0,58,1,0,0,0,0,0
L48603,L,298.9,309.8,1539,35.9,2,1,0,0,0,0,0
L48781,L,297.8,307.8,1597,38.2,156,0,0,0,0,0,0
M21853,M,300.7,311.1,1334,50.3,5,0,0,0,0,0,0
M21853,M,300.7,311.1,1334,50.3,5,0,0,0,0,0,0
L48481,L,298.8,310.0,1505,38.8,142,0,0,0,0,0,0
L56665,L,298.9,309.6,1603,33.0,202,0,0,0,0,0,0
L55800,L,297.4,308.5,1475,42.4,24,0,0,0,0,0,0
L50908,L,302.3,311.1,1452,40.3,83,0,0,0,0,0,0
L47393,L,298.4,308.6,1469,40.1,114,0,0,0,0,0,0
L54902,L,300.5,311.8,1446,45.2,85,0,0,0,0,0,0
M16517,M,297.9,308.0,1374,48.8,156,0,0,0,0,0,0
L53393,L,300.9,310.8,1552,34.9,95,0,0,0,0,0,0
H30736,H,298.9,310.0,1487,36.6,20,0,0,0,0,0,0
L51988,L,303.5,312.3,1692,29.3,193,0,0,0,0,0,0
L52418,L,303.7,313.1,1435,44.8,85,0,0,0,0,0,0
L50043,L,300.6,309.4,1329,44.1,244,1,0,0,0,0,0
L57025,L,298.3,309.1,1421,47.4,26,1,0,0,0,0,0
L54170,L,300.7,311.1,1478,46.4,170,0,0,0,0,0,0
H34251,H,303.6,312.7,1570,35.5,105,0,0,0,0,0,0
H37926,H,298.3,309.6,1546,36.2,137,0,0,0,0,0,0
L55770,L,297.4,307.9,1333,56.8,12,0,0,0,0,0,0
L54950,L,300.3,311.5,1615,35.2,25,0,0,0,0,0,0
L56466,L,298.2,308.9,1605,31.0,79,0,0,0,0,0,1
H35876,H,300.6,310.0,1483,44.0,22,0,0,0,0,0,0
L50621,L,301.4,310.4,1303,59.3,110,0,0,0,0,0,0
L50907,L,302.2,311.3,1603,34.6,81,0,0,0,0,0,0
L55885,L,297.2,308.6,1463,50.1,104,0,0,0,0,0,0
M18047,M,300.2,309.4,1438,47.8,208,0,0,0,0,0,0
H33894,H,302.7,310.4,1441,55.2,20,0,0,0,0,0,0
M19947,M,304.0,313.0,1429,43.1,54,0,0,0,0,0,0
M18806,M,302.2,311.3,1602,31.0,2,0,0,0,0,0,0
L49407,L,299.5,308.6,1965,20.4,164,0,0,0,0,0,0
L51393,L,302.1,310.7,1573,41.0,125,0,0,0,0,0,0
L55637,L,298.9,310.1,1534,38.6,15,0,0,0,0,0,0
L54146,L,300.7,311.0,1429,44.3,116,0,0,0,0,0,0
L54146,L,300.7,311.0,1429,44.3,116,0,0,0,0,0,0
L48218,L,296.6,307.6,1842,24.8,80,0,0,0,0,0,0
L52853,L,302.2,311.5,1462,50.0,54,0,0,0,0,0,0
M23821,M,297.3,308.0,1459,47.0,78,0,0,0,0,0,0
M23821,M,297.3,308.0,1459,47.0,78,0,0,0,0,0,0
L56778,L,299.0,310.1,1472,44.1,156,0,0,0,0,0,0
L47334,L,298.4,308.2,1435,43.9,196,0,0,0,0,0,0
L53183,L,300.4,310.2,1529,36.1,10,0,0,0,0,0,0
L53183,L,300.4,310.2,1529,36.1,10,0,0,0,0,0,0
L53861,L,301.6,310.9,1800,26.5,11,0,0,0,0,0,0
L56064,L,297.9,308.7,1542,39.0,99,0,0,0,0,0,0
L54296,L,301.0,310.5,1601,33.2,173,0,0,0,0,0,0
L54296,L,301.0,310.5,1601,33.2,173,0,0,0,0,0,0
L53174,L,300.6,310.3,1369,47.2,221,0,0,0,0,0,0
L56041,L,297.9,309.1,1635,30.0,25,0,0,0,0,0,0
L56531,L,298.3,308.8,1620,30.4,33,0,0,0,0,0,0
L56531,L,298.3,308.8,1620,30.4,33,0,0,0,0,0,0
L56716,L,299.3,310.5,1435,48.1,109,0,0,0,0,0,0
L50099,L,300.6,309.6,1500,40.3,134,0,0,0,0,0,0
L49923,L,299.7,309.5,1675,27.6,154,0,0,0,0,0,0
M19213,M,302.5,310.4,1386,60.7,142,0,0,0,0,0,0
L53154,L,300.5,310.7,1578,33.2,159,0,0,0,0,0,0
H36243,H,300.9,310.8,1474,46.2,109,0,0,0,0,0,0
L53097,L,301.3,311.0,1505,39.8,184,0,0,0,0,0,0
L55027,L,300.2,312.4,1427,41.2,79,0,0,0,0,0,0
L53239,L,300.9,311.0,1635,34.6,148,0,0,0,0,0,0
L47875,L,297.6,309.0,1487,45.4,0,0,0,0,0,0,0
L51236,L,301.9,310.9,1335,48.1,50,0,0,0,0,0,0
H35898,H,300.6,309.8,1913,22.5,70,0,0,0,0,0,0
M20997,M,300.9,310.8,1631,31.9,119,0,0,0,0,0,0
L53447,L,300.8,310.2,1954,23.5,23,1,0,0,0,0,0
M18058,M,300.0,309.1,1563,34.9,5,1,0,0,0,0,0
L53540,L,300.1,309.7,1462,46.4,98,0,0,0,0,0,0
L54278,L,300.6,310.2,1532,40.0,98,0,0,0,0,0,0
M18226,M,301.4,310.5,1476,39.4,17,0,0,0,0,0,0
L57088,L,298.6,309.0,1357,47.8,0,0,0,0,0,0,0
M20955,M,300.9,310.7,1656,47.3,25,0,0,0,0,0,0
L49135,L,297.9,307.6,1517,40.8,119,0,0,0,0,0,0
L55257,L,300.3,311.8,1547,39.7,5,0,0,0,0,0,0
M18203,M,301.5,310.8,1628,36.4,96,0,0,0,0,0,0
L47245,L,299.0,309.0,1878,25.0,146,0,0,0,0,0,0
L51741,L,302.8,310.7,1479,39.0,18,0,0,0,0,0,0
L47194,L,298.1,309.2,1387,19.6,40,0,0,0,0,0,0
L49310,L,299.3,309.0,1650,29.6,7,0,0,0,0,0,0
L48271,L,297.0,307.7,1602,46.4,57,0,0,0,0,0,0
L56076,L,297.4,308.7,1517,40.6,136,0,0,0,0,0,0
L53070,L,301.4,311.0,1634,32.7,155,0,0,0,0,0,0
L48117,L,295.6,306.2,1732,26.6,27,0,0,0,0,0,0
L55659,L,298.5,309.6,1430,37.6,141,0,0,0,0,0,0
L51690,L,302.4,310.6,1563,40.6,106,0,0,0,0,0,0
M20764,M,300.9,310.4,1609,30.8,181,0,0,0,0,0,0
L51442,L,302.0,310.6,1570,35.1,141,0,0,0,0,0,0
L50929,L,302.3,311.1,1452,45.5,155,0,0,0,0,0,0
M22143,M,300.0,310.1,1472,39.7,64,0,0,0,0,0,0
L55869,L,297.2,308.5,1543,39.6,205,0,0,0,0,0,0
L54667,L,300.3,311.7,1548,36.2,158,0,0,0,0,0,0
L47227,L,298.8,309.1,1429,41.2,133,0,0,0,0,0,0
L50345,L,300.4,309.6,1736,24.3,154,0,0,0,0,0,0
L50345,L,300.4,309.6,1736,24.3,154,0,0,0,0,0,0
L55508,L,298.6,309.5,1523,41.2,127,0,0,0,0,0,0
L50343,L,300.4,309.8,1412,50.8,150,0,0,0,0,0,0
L50446,L,301.3,310.0,1466,46.0,197,0,0,0,0,0,0
L50446,L,301.3,310.0,1466,46.0,197,0,0,0,0,0,0
H36996,H,300.4,311.2,1489,22.5,180,0,0,0,0,0,0
H36351,H,300.6,311.1,1823,26.0,28,0,0,0,0,0,0
L53290,L,300.7,310.8,1534,41.3,94,0,0,0,0,0,0
L53290,L,300.7,310.8,1534,41.3,94,0,0,0,0,0,0
H38675,H,298.3,309.0,1470,40.2,10,0,0,0,0,0,0
M16344,M,298.0,310.1,1562,41.9,47,0,0,0,0,0,0
M20373,M,302.8,312.4,1332,51.6,74,0,0,0,0,0,0
L47568,L,297.4,308.7,1548,40.1,145,0,0,0,0,0,0
L51862,L,303.6,311.8,1542,31.7,97,0,0,0,0,0,0
L56278,L,297.3,308.1,1532,41.6,0,0,0,0,0,0,0
L55499,L,298.8,309.7,1593,33.8,99,0,0,0,0,0,0
L54071,L,300.9,311.5,1418,50.1,129,0,0,0,0,0,0
M17338,M,298.9,308.5,1540,38.1,156,0,0,0,0,0,0
L49551,L,299.3,308.5,1436,48.4,29,0,0,0,0,0,0
L55263,L,300.2,311.8,1567,36.5,139,0,0,0,0,0,0
L50363,L,300.1,309.3,1529,37.0,199,0,0,0,0,0,0
L56843,L,299.1,310.1,1435,48.8,229,0,0,0,0,0,0
L55406,L,299.1,310.5,1487,42.0,64,0,0,0,0,0,0
L55930,L,297.3,308.3,1764,30.8,148,0,0,0,0,0,0
L52125,L,303.6,312.7,1394,46.1,120,0,0,0,0,0,0
L53744,L,301.4,310.6,1616,36.8,157,0,0,0,0,0,0
L54929,L,300.4,311.5,1341,54.8,15,0,0,0,0,0,0
L53806,L,301.2,310.6,1388,57.9,97,0,0,0,0,0,0
M24803,M,298.5,309.2,1533,37.4,146,0,0,0,0,0,0
L53260,L,300.7,310.7,1773,25.8,127,0,0,0,0,0,0
M18591,M,302.3,311.3,1515,39.2,91,0,0,0,0,0,0
L52402,L,303.6,313.0,1721,27.1,0,0,0,0,0,0,0
L54067,L,300.8,311.3,1376,26.9,181,0,0,0,0,0,0
L55348,L,299.7,311.1,1378,51.1,176,0,0,0,0,0,0
L56665,L,298.9,309.6,1406,43.7,203,0,0,0,0,0,0
M20895,M,300.6,310.4,1497,51.1,91,0,0,0,0,0,0
M19741,M,303.7,312.6,1742,26.3,163,0,0,0,0,0,0
M19586,M,303.4,311.8,1341,50.9,204,0,0,0,0,0,0
M16671,M,298.0,307.8,1526,40.2,131,0,0,0,0,0,0
M20126,M,303.4,312.8,1622,38.7,103,0,0,0,0,0,0
L56741,L,298.9,310.2,1511,39.0,161,0,0,0,0,0,0
L49047,L,298.1,307.9,1502,41.8,15,0,0,0,0,0,0
L49561,L,299.1,308.3,1433,44.2,119,0,0,0,0,0,0
L51641,L,302.7,310.5,1462,46.8,195,0,0,0,0,0,0
L47990,L,296.9,307.7,1550,37.7,124,0,0,0,0,0,0
L54071,L,300.9,311.5,1517,36.1,129,0,0,0,0,0,0
M21750,M,300.9,311.4,1616,31.4,126,0,0,0,0,0,0
L49591,L,299.0,308.5,1559,32.1,194,0,0,0,0,0,0
L49267,L,299.4,309.3,1483,39.4,14,0,0,0,0,0,0
M22145,M,300.2,310.4,1603,34.2,74,0,0,0,0,0,0
M19019,M,302.0,310.5,1355,50.8,94,1,0,1,0,0,0
M21461,M,301.5,310.7,1366,47.2,29,1,0,0,0,0,0
L48463,L,298.3,309.4,1393,46.5,94,0,0,0,0,0,0
L47992,L,296.8,307.6,1350,52.5,128,0,0,0,0,0,0
L47523,L,297.5,308.3,1441,43.5,27,0,0,0,0,0,0
L51421,L,302.4,311.0,1475,44.2,79,0,0,0,0,0,0
M20391,M,302.3,311.7,1453,43.4,139,0,0,0,0,0,0
L50769,L,301.7,310.5,2465,26.3,149,0,0,0,0,0,0
L50021,L,300.3,309.4,1577,29.4,181,0,0,0,0,0,0
L47958,L,296.9,308.0,1490,39.6,7,0,0,0,0,0,0
L47958,L,296.9,308.0,1490,39.6,7,0,0,0,0,0,0
L50592,L,301.3,310.3,1429,43.9,114,0,0,0,0,0,0
L48412,L,297.2,308.5,1360,46.3,74,0,0,0,0,0,0
L54424,L,300.1,310.4,1465,48.0,71,0,0,0,0,0,0
L51412,L,302.2,310.8,1453,42.3,56,0,0,0,0,0,0
H36466,H,300.6,310.4,1832,25.0,124,0,0,0,0,0,0
L47641,L,297.4,308.7,1402,39.5,188,0,0,0,0,0,0
L50111,L,300.8,309.7,1363,44.2,179,0,0,0,0,0,0
L55261,L,300.2,311.7,1353,51.8,123,0,0,0,0,0,0
L57130,L,298.2,307.8,1362,47.8,113,0,0,0,0,0,0
M20587,M,302.4,311.8,1420,47.0,174,0,0,0,0,0,0
M19751,M,303.5,312.4,1480,43.2,107,0,0,0,0,0,0
L57137,L,298.2,307.8,1459,47.9,83,0,0,0,0,0,0
L47284,L,298.8,308.7,1393,43.4,66,0,0,0,0,0,0
L56406,L,298.0,309.1,1422,23.5,122,0,0,0,0,0,0
L54156,L,300.6,310.7,1344,43.6,133,0,0,0,0,0,0
L55300,L,300.2,311.6,1691,30.3,20,0,0,0,0,0,0
M16056,M,297.0,307.9,1681,30.7,57,0,0,0,0,0,0
L53936,L,301.8,311.2,1840,21.9,202,0,0,0,0,0,0
L53668,L,300.7,309.8,1354,46.3,171,0,0,0,0,0,0
L56728,L,299.6,311.1,1730,27.3,131,0,0,0,0,0,0
M21404,M,301.4,310.7,1452,46.5,101,0,0,0,0,0,0
L56695,L,299.0,310.2,1682,31.6,137,0,0,0,0,0,0
L53225,L,300.9,310.8,1563,45.7,127,0,0,0,0,0,0
H31153,H,298.5,307.9,1397,54.2,36,0,0,0,0,0,0
L53947,L,301.3,310.9,1509,41.1,15,0,0,0,0,0,0
H33896,H,302.7,310.6,1448,48.7,4,0,0,0,0,0,0
L53647,L,300.5,310.4,1580,35.4,0,0,0,0,0,0,0
L53989,L,300.9,310.8,1422,49.0,47,0,0,0,0,0,0
L48275,L,296.9,307.5,2721,54.1,18,0,0,0,0,0,0
L55838,L,297.4,308.5,1496,36.4,98,0,0,0,0,0,0
L52492,L,303.6,312.9,1557,23.5,7,0,0,0,0,0,0
L51460,L,301.8,310.1,1606,31.4,39,0,0,0,0,0,0
L55635,L,298.5,309.4,1806,23.6,92,0,0,0,0,0,0
L55282,L,300.3,311.8,1413,38.3,182,0,0,0,0,0,0
L51252,L,301.9,310.6,1456,41.6,87,0,0,0,0,0,0
L55605,L,298.3,309.6,1434,43.6,174,0,0,0,0,0,0
H37236,H,299.9,311.3,1593,33.3,153,0,0,0,0,0,0
L53142,L,300.5,310.7,1728,26.3,125,0,0,0,0,0,0
L56772,L,299.2,310.4,1671,31.4,101,0,0,0,0,0,0
M23843,M,297.0,307.7,1261,51.1,74,0,0,0,0,0,0
L56364,L,297.9,309.0,1452,43.8,111,0,0,0,0,0,0
L51385,L,302.0,311.1,1435,44.3,203,1,0,0,0,0,0
M19960,M,304.2,313.2,1510,38.5,86,1,0,0,0,0,0
L49948,L,299.8,309.5,1364,45.9,11,0,0,0,0,0,0
L51574,L,302.2,310.1,1698,28.1,17,0,0,0,0,0,0
L52481,L,303.8,313.1,1510,38.1,171,0,0,0,0,0,0
H35545,H,300.9,311.0,1465,43.7,155,0,0,0,0,0,0
L56661,L,298.9,309.6,1633,31.4,183,0,0,0,0,0,0
L49924,L,299.7,309.2,1409,58.0,143,0,0,0,0,0,1
L51138,L,302.2,311.3,1469,39.5,56,0,0,0,0,0,0
L49134,L,297.9,307.8,1859,24.2,85,0,0,0,0,0,0
L51138,L,302.2,311.3,1469,39.5,56,0,0,0,0,0,0
L49134,L,297.9,307.8,1859,24.2,85,0,0,0,0,0,0
L53162,L,300.7,310.8,1486,37.2,186,0,0,0,0,0,0
L54751,L,300.3,311.1,1528,40.7,156,0,0,0,0,0,0
L53162,L,300.7,310.8,1486,37.2,186,0,0,0,0,0,0
L54751,L,300.3,311.1,1528,40.7,156,0,0,0,0,0,0
L47302,L,298.9,308.8,1310,50.7,112,0,0,0,0,0,0
M23226,M,298.8,309.9,1611,33.4,124,0,0,0,0,0,0
L47302,L,298.9,308.8,1310,50.7,112,0,0,0,0,0,0
M23226,M,298.8,309.9,1611,33.4,124,0,0,0,0,0,0
L48395,L,296.8,307.9,1460,37.0,35,0,0,0,0,0,0
L54362,L,300.2,310.3,1621,32.4,32,0,0,0,0,0,0
L48395,L,296.8,307.9,1460,37.0,35,0,0,0,0,0,0
M24753,M,298.8,309.5,1284,60.8,167,0,0,0,0,0,0
L55258,L,300.3,311.7,1564,31.2,109,0,0,0,0,0,0
M22648,M,300.2,311.5,1470,42.7,71,0,0,0,0,0,0
L55705,L,298.3,309.4,1744,26.9,2,0,0,0,0,0,0
M18175,M,301.5,310.8,1546,33.4,40,0,0,0,0,0,0
L55981,L,297.4,308.6,1504,36.4,71,0,0,0,0,0,0
L49461,L,299.3,308.7,1368,51.6,12,0,0,0,0,0,0
L51651,L,302.5,310.6,1670,32.7,2,0,0,0,0,0,0
L55902,L,297.2,308.6,1388,41.3,100,0,0,0,0,0,0
M23757,M,297.3,308.7,1530,37.5,137,0,0,0,0,0,0
L50369,L,300.0,309.4,1548,36.6,107,0,0,0,0,0,0
L55143,L,301.1,312.3,1430,45.1,61,0,0,0,0,0,0
L49550,L,299.3,308.4,1545,40.1,86,0,0,0,0,0,0
L52540,L,303.3,312.6,1463,46.4,140,0,0,0,0,0,0
L49071,L,297.8,307.5,1764,26.3,139,0,0,0,0,0,0
L51642,L,302.7,310.5,1463,46.4,197,0,0,0,0,0,0
L56352,L,297.7,308.9,1355,57.8,193,0,0,0,0,1,0
L54361,L,300.2,310.2,1331,52.1,30,1,0,0,0,0,0
M17405,M,299.3,309.3,1492,38.3,176,1,0,0,0,0,0
M18721,M,302.5,311.5,1481,42.8,215,0,0,0,0,0,0
L55273,L,300.2,311.6,1405,47.7,64,0,0,0,0,0,0
L49475,L,299.4,308.7,1512,37.9,104,0,0,0,0,0,0
L52899,L,302.3,312.0,1515,42.0,154,0,0,0,0,0,0
L56124,L,297.4,308.1,1491,42.5,146,0,0,0,0,0,0
M18208,M,301.3,310.7,1692,40.7,178,0,0,0,0,0,0
H32906,H,301.9,311.0,1518,36.4,0,0,0,0,0,0,0
L48111,L,295.5,305.9,1542,36.6,85,0,0,0,0,0,0
L48402,L,297.1,308.4,1597,37.0,135,0,0,0,0,0,0
L53128,L,300.7,310.7,1402,47.2,95,0,0,0,0,0,0
L53422,L,301.0,310.4,1512,43.6,98,0,0,0,0,0,0
M23912,M,297.4,308.6,1573,34.4,97,0,0,0,0,0,0
M15032,M,298.4,308.2,1924,20.8,29,0,0,0,0,0,0
L54158,L,300.7,311.1,1462,41.2,137,0,0,0,0,0,0
L51895,L,303.4,311.8,1508,50.3,197,0,0,0,0,0,0
L50677,L,301.9,311.0,1488,33.1,126,0,0,0,0,0,0
M17173,M,299.1,308.8,1491,46.9,171,0,0,0,0,0,0
L50677,L,301.9,311.0,1488,33.1,126,0,0,0,0,0,0
L47690,L,297.5,309.3,1523,37.5,20,0,0,0,0,0,0
L52141,L,303.9,312.7,1521,39.7,158,0,0,0,0,0,0
L47690,L,297.5,309.3,1523,37.5,20,0,0,0,0,0,0
L52141,L,303.9,312.7,1521,39.7,158,0,0,0,0,0,0
L52782,L,302.6,312.0,1374,52.8,90,0,0,0,0,0,0
L51867,L,303.5,311.6,1398,17.0,110,0,0,0,0,0,0
L52782,L,302.6,312.0,1374,52.8,90,0,0,0,0,0,0
L51867,L,303.5,311.6,1398,17.0,110,0,0,0,0,0,0
L50696,L,301.8,310.8,1402,47.8,182,0,0,0,0,0,0
M17059,M,299.9,309.2,1654,32.0,0,0,0,0,0,0,0
L50696,L,301.8,310.8,1402,47.8,182,0,0,0,0,0,0
M17059,M,299.9,309.2,1654,32.0,0,0,0,0,0,0,0
L56367,L,297.9,309.0,1389,47.3,113,0,0,0,0,0,0
L49577,L,299.2,308.6,1479,45.2,185,0,0,0,0,0,0
L56367,L,297.9,309.0,1389,47.3,113,0,0,0,0,0,0
L49577,L,299.2,308.6,1479,45.2,185,0,0,0,0,0,0
M20108,M,303.5,313.0,1902,36.3,175,0,0,0,0,0,0
L47988,L,296.9,308.0,1424,43.3,120,0,0,0,0,0,0
M20108,M,303.5,313.0,1902,36.3,175,0,0,0,0,0,0
L47988,L,296.9,308.0,1424,43.3,120,0,0,0,0,0,0
L52366,L,304.0,313.0,1842,24.6,117,0,0,0,0,0,0
M15008,M,298.3,308.4,1379,48.0,181,0,0,0,0,0,0
L52366,L,304.0,313.0,1842,24.6,117,0,0,0,0,0,0
L48775,L,298.0,308.2,1372,55.8,218,0,0,0,0,1,0
L54202,L,300.7,310.5,1387,47.5,53,0,0,0,0,0,0
M19725,M,303.5,312.3,1624,31.3,121,0,0,0,0,0,0
L54196,L,300.6,310.5,1609,33.0,31,0,0,0,0,0,0
L56073,L,297.5,308.7,1371,46.4,121,0,0,0,0,0,0
L55886,L,297.2,308.5,1335,52.0,38,0,0,0,0,0,0
L50196,L,300.5,309.5,1521,38.5,0,0,0,0,0,0,0
L53109,L,300.7,310.2,1435,47.7,48,0,0,0,0,0,0
L56335,L,297.5,308.5,1340,57.4,171,0,0,0,0,0,0
L51791,L,303.0,311.3,1563,32.3,149,0,0,0,0,0,0
L51937,L,303.4,311.5,1566,37.9,58,0,0,0,0,0,0
L53771,L,301.7,310.5,2023,20.9,5,0,0,0,0,0,0
L55270,L,300.1,311.3,1493,39.1,153,0,0,0,0,0,0
L53162,L,300.7,310.7,1609,34.1,168,0,0,0,0,0,0
M22573,M,300.5,311.4,1534,38.7,75,0,0,0,0,0,0
L51145,L,302.4,311.5,1349,56.9,203,1,0,0,0,0,0
M18448,M,301.7,310.5,1725,33.3,35,1,0,0,0,0,0
L52643,L,302.8,312.5,1766,25.5,150,0,0,0,0,0,0
L51248,L,301.9,310.9,1605,33.6,195,0,0,0,0,0,0
M21860,M,300.6,310.6,1463,52.1,196,0,0,0,0,0,0
L52162,L,303.7,313.0,1562,37.7,209,0,0,0,0,0,0
L50747,L,301.8,310.5,1940,19.7,88,0,0,0,0,0,0
L49402,L,299.7,309.0,1405,45.6,151,0,0,0,0,0,0
L50142,L,300.7,309.6,1508,39.0,59,0,0,0,0,0,0
M20445,M,302.5,312.0,1747,29.3,179,0,0,0,0,0,0
L54733,L,300.3,311.3,1763,25.5,124,0,0,0,0,0,0
L54424,L,299.9,310.1,1405,51.9,193,0,0,0,0,0,0
L54733,L,300.3,311.3,1763,25.5,124,0,0,0,0,0,0
L54424,L,299.9,310.1,1405,51.9,193,0,0,0,0,0,0
L48800,L,297.9,307.7,1373,48.7,114,0,0,0,0,0,0
L50664,L,301.9,310.7,1589,39.0,205,0,0,0,0,0,0
L48800,L,297.9,307.7,1373,48.7,114,0,0,0,0,0,0
L50664,L,301.9,310.7,1589,39.0,205,0,0,0,0,0,0
L53956,L,301.2,310.6,1465,42.4,2,0,0,0,0,0,0
L49345,L,299.5,309.1,1588,30.6,203,0,0,0,0,0,0
L53956,L,301.2,310.6,1465,42.4,2,0,0,0,0,0,0
L49345,L,299.5,309.1,1588,30.6,203,0,0,0,0,0,0
L49393,L,299.7,309.1,1412,49.7,125,0,0,0,0,0,0
L51025,L,302.6,311.0,1699,29.1,171,0,0,0,0,0,0
L49393,L,299.7,309.1,1412,49.7,125,0,0,0,0,0,0
L51025,L,302.6,311.0,1699,29.1,171,0,0,0,0,0,0
L48997,L,297.9,307.7,1408,43.6,145,0,0,0,0,0,0
M15191,M,297.6,308.3,1510,41.2,160,0,0,0,0,0,0
L48997,L,297.9,307.7,1408,43.6,145,0,0,0,0,0,0
M15191,M,297.6,308.3,1510,41.2,160,0,0,0,0,0,0
L55168,L,301.1,312.4,1587,35.6,64,0,0,0,0,0,0
L50049,L,300.8,309.7,1519,37.5,14,0,0,0,0,0,0
L55168,L,301.1,312.4,1587,35.6,64,0,0,0,0,0,0
L50049,L,300.8,309.7,1519,37.5,14,0,0,0,0,0,0
H34167,H,303.2,311.4,1587,36.6,43,0,0,0,0,0,0
L53368,L,301.0,310.9,1450,45.9,114,0,0,0,0,0,0
H34167,H,303.2,311.4,1587,36.6,43,0,0,0,0,0,0
L53368,L,301.0,310.9,1450,45.9,114,0,0,0,0,0,0
L47304,L,298.8,308.6,1727,29.4,16,0,0,0,0,0,0
L53636,L,300.7,310.1,1587,41.1,83,0,0,0,0,0,0
L47304,L,298.8,308.6,1727,29.4,16,0,0,0,0,0,0
L53636,L,300.7,310.1,1587,41.1,83,0,0,0,0,0,0
L51278,L,301.9,310.8,1394,47.0,157,1,0,0,0,0,0
L55086,L,300.8,312.4,1512,37.6,153,1,0,0,0,0,0
L51278,L,301.9,310.8,1394,47.0,157,1,0,0,0,0,0
L55086,L,300.8,312.4,1512,37.6,153,1,0,0,0,0,0
M21046,M,301.0,311.0,1851,24.6,179,0,0,0,0,0,0
L53158,L,300.5,310.6,1566,35.1,208,0,0,0,0,0,0
L50978,L,302.3,311.0,1443,52.1,148,0,0,0,0,0,0
M21957,M,300.6,310.2,1233,39.0,23,0,0,0,0,0,0
L55452,L,298.9,310.6,1378,60.6,190,1,0,0,0,0,0
L55270,L,300.2,311.6,1471,43.8,153,0,0,0,0,0,0
M20997,M,300.8,310.7,1616,19.7,136,0,0,0,0,0,0
L56824,L,299.1,310.2,1326,55.3,65,1,0,0,0,0,0
L50147,L,300.6,309.5,1809,25.7,95,0,0,0,0,0,0
H36395,H,300.3,311.2,1458,42.1,168,0,0,0,0,0,0
L48462,L,298.2,309.4,1426,46.1,94,0,0,0,0,0,0
M17830,M,300.7,309.5,1631,30.1,75,0,0,0,0,0,0
L56344,L,297.5,308.6,1657,32.3,22,0,0,0,0,0,0
L53040,L,301.3,310.9,1427,50.6,125,0,0,0,0,0,0
L56344,L,297.5,308.6,1657,32.3,22,0,0,0,0,0,0
L53040,L,301.3,310.9,1427,50.6,125,0,0,0,0,0,0
L47786,L,297.9,309.8,1461,53.0,38,0,0,0,0,0,0
H37282,H,300.3,311.9,1438,46.7,2,0,0,0,0,0,0
L47786,L,297.9,309.8,1461,53.0,38,0,0,0,0,0,0
H37282,H,300.3,311.9,1438,46.7,2,0,0,0,0,0,0
H35378,H,300.5,310.8,1631,39.4,132,0,0,0,0,0,0
M21690,M,301.0,310.9,1359,53.4,50,0,0,0,0,0,0
H35378,H,300.5,310.8,1631,39.4,132,0,0,0,0,0,0
M21690,M,301.0,310.9,1359,53.4,50,0,0,0,0,0,0
H32860,H,301.4,310.7,1603,31.4,79,0,0,0,0,0,0
M19579,M,303.4,311.7,1499,34.9,189,0,0,0,0,0,0
H32860,H,301.4,310.7,1603,31.4,79,0,0,0,0,0,0
M19579,M,303.4,311.7,1499,34.9,189,0,0,0,0,0,0
L55255,L,300.5,312.0,1395,51.4,124,0,0,0,0,0,0
L47887,L,297.7,308.9,1838,27.3,17,0,0,0,0,0,0
L55255,L,300.5,312.0,1395,51.4,124,0,0,0,0,0,0
L47887,L,297.7,308.9,1838,27.3,17,0,0,0,0,0,0
L54241,L,300.6,310.4,1392,51.7,157,0,0,0,0,0,0
L55256,L,300.3,311.8,1461,43.3,168,0,0,0,0,0,0
L54241,L,300.6,310.4,1392,51.7,157,0,0,0,0,0,0
L55256,L,300.3,311.8,1461,43.3,168,0,0,0,0,0,0
L49569,L,299.2,308.5,1453,42.3,203,0,0,0,0,0,0
L51354,L,302.2,310.6,1384,52.4,7,0,0,0,0,0,0
L49569,L,299.2,308.5,1453,42.3,203,0,0,0,0,0,0
L51354,L,302.2,310.6,1384,52.4,7,0,0,0,0,0,0
L48941,L,298.3,307.6,1450,40.1,202,0,0,0,0,0,0
L53256,L,301.0,310.9,1615,32.0,199,0,0,0,0,0,0
L48941,L,298.3,307.6,1450,40.1,202,0,0,0,0,0,0
L53256,L,301.0,310.9,1615,32.0,199,0,0,0,0,0,0
L47818,L,298.1,309.6,1536,48.2,120,0,0,0,0,0,0
L52978,L,301.5,311.1,1477,40.0,157,0,0,0,0,0,0
L47818,L,298.1,309.6,1536,48.2,120,0,0,0,0,0,0
L52978,L,301.5,311.1,1477,40.0,157,0,0,0,0,0,0
L47582,L,297.5,308.6,1453,42.3,98,0,0,0,0,0,0
M20535,M,302.3,311.7,1853,24.4,59,0,0,0,0,0,0
L47582,L,297.5,308.6,1453,42.3,98,0,0,0,0,0,0
M20535,M,302.3,311.7,1853,24.4,59,0,0,0,0,0,0
M20024,M,304.3,313.5,1645,29.7,53,0,0,0,0,0,0
L51575,L,302.3,310.1,1436,42.4,22,0,0,0,0,0,0
M20024,M,304.3,313.5,1645,29.7,53,0,0,0,0,0,0
L51575,L,302.3,310.1,1436,42.4,22,0,0,0,0,0,0
L57023,L,298.3,309.2,1597,30.8,148,0,0,0,0,0,0
L57023,L,298.3,309.2,1597,30.8,148,0,0,0,0,0,0
L55365,L,299.7,311.1,1642,33.9,192,0,0,0,0,0,0
L55365,L,299.7,311.1,1642,33.9,192,0,0,0,0,0,0
H32678,H,301.3,310.1,1424,49.7,0,0,0,0,0,0,0
L50492,L,301.4,310.4,1391,28.9,94,0,0,0,0,0,0
H32678,H,301.3,310.1,1424,49.7,0,0,0,0,0,0,0
L50492,L,301.4,310.4,1391,28.9,94,0,0,0,0,0,0
M18808,M,302.3,311.4,1433,49.6,74,0,0,0,0,0,0
M23197,M,298.8,309.7,1568,36.8,149,0,0,0,0,0,0
M18808,M,302.3,311.4,1433,49.6,74,0,0,0,0,0,0
M23197,M,298.8,309.7,1568,36.8,149,0,0,0,0,0,0
L51819,L,302.2,311.3,1657,34.1,171,0,0,0,0,0,0
M16486,M,297.9,307.8,1462,46.9,142,0,0,0,0,0,0
L51819,L,302.2,311.3,1657,34.1,171,0,0,0,0,0,0
M16486,M,297.9,307.8,1462,46.9,142,0,0,0,0,0,0
L53559,L,300.2,310.0,1336,58.7,212,1,0,0,0,1,0
L48820,L,298.0,307.8,1717,27.7,0,1,0,0,0,0,0
L53559,L,300.2,310.0,1336,58.7,212,1,0,0,0,1,0
L48820,L,298.0,307.8,1717,27.7,0,1,0,0,0,0,0
L47674,L,297.5,309.4,1463,40.7,193,0,0,0,0,0,0
M18333,M,301.8,310.8,1638,33.5,62,0,0,0,0,0,0
L47674,L,297.5,309.4,1463,40.7,193,0,0,0,0,0,0
M18333,M,301.8,310.8,1638,33.5,62,0,0,0,0,0,0
L56260,L,297.2,307.9,1500,40.0,163,0,0,0,0,0,0
L47364,L,298.2,308.5,1470,44.0,59,0,0,0,0,0,0
L56260,L,297.2,307.9,1500,40.0,163,0,0,0,0,0,0
L47364,L,298.2,308.5,1470,44.0,59,0,0,0,0,0,0
L57157,L,298.6,308.2,1662,31.4,179,0,0,0,0,0,0
M20519,M,302.3,311.5,1447,45.1,10,0,0,0,0,0,0
L57157,L,298.6,308.2,1662,31.4,179,0,0,0,0,0,0
M20519,M,302.3,311.5,1447,45.1,10,0,0,0,0,0,0
L53448,L,300.9,310.5,1538,36.2,155,0,0,0,0,0,0
M22538,M,300.7,311.9,1383,47.2,173,0,0,0,0,0,0
L53448,L,300.9,310.5,1538,36.2,155,0,0,0,0,0,0
M22538,M,300.7,311.9,1383,47.2,173,0,0,0,0,0,0
L53650,L,300.7,309.6,1379,54.5,122,0,0,0,0,0,0
L50240,L,300.1,309.1,1393,46.3,129,0,0,0,0,0,0
L53650,L,300.7,309.6,1379,54.5,122,0,0,0,0,0,0
L50240,L,300.1,309.1,1393,46.3,129,0,0,0,0,0,0
M18670,M,302.4,311.0,1832,23.9,112,0,0,0,0,0,0
M23146,M,298.7,310.8,1479,38.0,6,0,0,0,0,0,0
M18670,M,302.4,311.0,1832,23.9,112,0,0,0,0,0,0
M23146,M,298.7,310.8,1479,38.0,6,0,0,0,0,0,0
L53139,L,300.6,310.8,1378,33.4,119,0,0,0,0,0,0
L53258,L,300.8,310.7,1689,34.1,203,0,0,0,0,0,0
L53139,L,300.6,310.8,1378,33.4,119,0,0,0,0,0,0
L53258,L,300.8,310.7,1689,34.1,203,0,0,0,0,0,0
L53535,L,300.1,309.7,1708,31.8,42,0,0,0,0,0,0
L47795,L,298.1,309.9,1542,38.4,58,0,0,0,0,0,0
L53535,L,300.1,309.7,1708,31.8,42,0,0,0,0,0,0
L47795,L,298.1,309.9,1542,38.4,58,0,0,0,0,0,0
L53273,L,301.0,310.7,1317,58.2,20,0,0,0,0,0,0
L53070,L,301.4,311.0,1675,32.6,181,0,0,0,0,0,0
L53273,L,301.0,310.7,1317,58.2,20,0,0,0,0,0,0
L55564,L,298.7,309.8,1501,36.7,32,0,0,0,0,0,0
L51643,L,302.8,310.6,1541,36.0,39,0,0,0,0,0,0
L47402,L,298.3,308.5,1372,51.2,158,0,0,0,0,0,0
L54813,L,300.5,311.7,1351,55.7,101,0,0,0,0,0,0
L52338,L,304.1,313.3,1526,37.0,41,0,0,0,0,0,0
H37390,H,300.8,311.7,1363,51.6,146,0,0,0,0,0,0
L53308,L,300.9,310.9,1510,44.2,109,0,0,0,0,0,0
L56759,L,299.5,310.7,1565,34.9,5,0,0,0,0,0,0
L50217,L,300.5,309.6,1507,42.0,2,0,0,0,0,0,0
L52822,L,302.5,312.1,1495,40.1,171,0,0,0,0,0,0
L52866,L,302.2,311.6,1518,37.6,89,0,0,0,0,0,0
L52822,L,302.5,312.1,1495,40.1,171,0,0,0,0,0,0
L52866,L,302.2,311.6,1518,37.6,89,0,0,0,0,0,0
L51617,L,302.5,310.3,1415,44.6,9,0,0,0,0,0,0
M22450,M,300.4,311.0,1433,41.9,68,0,0,0,0,0,0
L51617,L,302.5,310.3,1415,44.6,9,0,0,0,0,0,0
M22450,M,300.4,311.0,1433,41.9,68,0,0,0,0,0,0
L55041,L,300.5,312.0,1543,37.7,27,0,0,0,0,0,0
L56862,L,299.1,310.0,1413,46.6,27,0,0,0,0,0,0
L55041,L,300.5,312.0,1543,37.7,27,0,0,0,0,0,0
L56862,L,299.1,310.0,1413,46.6,27,0,0,0,0,0,0
L53027,L,301.3,311.3,1397,42.3,48,0,0,0,0,0,0
L53671,L,300.8,310.0,1468,52.7,59,0,0,0,0,0,0
L53027,L,301.3,311.3,1397,42.3,48,0,0,0,0,0,0
L53671,L,300.8,310.0,1468,52.7,59,0,0,0,0,0,0
M15683,M,296.6,307.5,1555,39.9,153,0,0,0,0,0,0
L57125,L,298.4,308.2,1551,35.2,101,0,0,0,0,0,0
M15683,M,296.6,307.5,1555,39.9,153,0,0,0,0,0,0
L57125,L,298.4,308.2,1551,35.2,101,0,0,0,0,0,0
L47505,L,297.5,308.5,1611,31.2,119,0,0,0,0,0,0
L55233,L,300.5,311.9,1632,30.2,56,0,0,0,0,0,0
L47505,L,297.5,308.5,1611,31.2,119,0,0,0,0,0,0
L55233,L,300.5,311.9,1632,30.2,56,0,0,0,0,0,0
L56331,L,297.6,308.7,1472,43.9,135,0,0,0,0,0,0
M22850,M,301.1,312.4,1418,47.6,126,0,0,0,0,0,0
L56331,L,297.6,308.7,1472,43.9,135,0,0,0,0,0,0
M22850,M,301.1,312.4,1418,47.6,126,0,0,0,0,0,0
L53682,L,300.9,310.0,1479,40.1,207,0,0,0,0,0,0
M24816,M,298.3,307.9,1471,44.5,137,0,0,0,0,0,0
L53682,L,300.9,310.0,1479,40.1,207,0,0,0,0,0,0
M24816,M,298.3,307.9,1471,44.5,137,0,0,0,0,0,0
L48951,L,298.4,307.8,1502,49.3,23,0,0,0,0,0,0
M23403,M,298.5,309.3,1365,59.3,26,0,0,0,0,0,0
L48951,L,298.4,307.8,1502,49.3,23,0,0,0,0,0,0
M23403,M,298.5,309.3,1365,59.3,26,0,0,0,0,0,0
M18065,M,300.2,308.9,1548,38.4,57,0,0,0,0,0,0
L48793,L,297.8,308.0,1561,35.8,41,0,0,0,0,0,0
M18065,M,300.2,308.9,1548,38.4,57,0,0,0,0,0,0
L48793,L,297.8,308.0,1561,35.8,41,0,0,0,0,0,0
L56403,L,297.7,308.9,1382,45.3,74,0,0,0,0,0,0
L56740,L,299.2,310.9,1885,25.2,164,0,0,0,0,0,0
M20654,M,301.9,311.0,1492,40.9,145,0,0,0,0,0,0
L51137,L,302.2,311.4,1378,56.2,36,0,0,0,0,0,0
L49878,L,300.0,309.4,2010,21.4,55,0,0,0,0,0,0
M16778,M,298.1,307.9,1444,40.0,168,0,0,0,0,0,0
L53257,L,300.9,310.7,1564,35.2,199,0,0,0,0,0,0
L56162,L,297.0,307.7,1439,42.5,128,0,0,0,0,0,0
L56434,L,298.4,309.1,1408,47.4,197,0,0,0,0,0,0
L53270,L,300.8,310.9,1552,36.3,13,0,0,0,0,0,0
L50072,L,300.7,309.6,1329,39.1,189,0,0,0,0,0,0
L53257,L,300.8,310.7,1479,40.2,171,0,0,0,0,0,0
M17957,M,299.9,309.2,1353,51.9,2,0,0,0,0,0,0
L49154,L,298.0,307.5,1450,44.4,22,0,0,0,0,0,0
L48097,L,295.6,306.1,1621,34.4,197,0,0,0,0,0,0
M18249,M,301.5,310.6,1416,44.7,77,0,0,0,0,0,0
M21066,M,301.0,311.0,1403,47.3,134,0,0,0,0,0,0
L50318,L,300.4,309.9,1332,56.3,74,0,0,0,0,0,0
L49434,L,299.1,308.3,1325,46.9,35,0,0,0,0,0,0
L54189,L,300.5,310.5,1796,23.0,12,0,0,0,0,0,0
M24566,M,298.9,310.1,1563,33.9,84,0,0,0,0,0,0
H36448,H,300.6,310.2,1453,46.6,59,0,0,0,0,0,0
L47642,L,297.4,308.7,1433,45.6,116,0,0,0,0,0,0
L51293,L,302.1,310.6,1563,35.1,154,0,0,0,0,0,0
L47642,L,297.4,308.7,1433,45.6,116,0,0,0,0,0,0
L51293,L,302.1,310.6,1563,35.1,154,0,0,0,0,0,0
L53074,L,301.2,311.0,1267,69.3,164,1,0,0,1,0,0
L55659,L,298.5,309.7,1429,39.5,99,1,0,0,0,0,0
L53074,L,301.2,311.0,1267,69.3,164,1,0,0,1,0,0
L55659,L,298.5,309.7,1429,39.5,99,1,0,0,0,0,0
L55567,L,298.8,309.9,1429,47.2,73,0,0,0,0,0,0
M23185,M,298.7,309.5,1454,46.5,74,0,0,0,0,0,0
L55567,L,298.8,309.9,1429,47.2,73,0,0,0,0,0,0
M23185,M,298.7,309.5,1454,46.5,74,0,0,0,0,0,0
L55295,L,300.4,311.8,1495,41.9,191,0,0,0,0,0,0
M24266,M,297.7,308.3,1497,38.0,119,0,0,0,0,0,0
L55295,L,300.4,311.8,1495,41.9,191,0,0,0,0,0,0
M24266,M,297.7,308.3,1497,38.0,119,0,0,0,0,0,0
L55659,L,298.6,309.7,1507,33.4,100,0,0,0,0,0,0
L51735,L,302.5,310.6,1496,38.7,4,0,0,0,0,0,0
L55659,L,298.6,309.7,1507,33.4,100,0,0,0,0,0,0
L51735,L,302.5,310.6,1496,38.7,4,0,0,0,0,0,0
L52651,L,302.7,312.3,1981,21.5,170,0,0,0,0,0,0
L48940,L,298.5,307.5,1684,33.1,0,0,0,0,0,0,0
L52651,L,302.7,312.3,1981,21.5,170,0,0,0,0,0,0
L48940,L,298.5,307.5,1684,33.1,0,0,0,0,0,0,0
M22620,M,300.4,311.7,1387,54.0,0,0,0,0,0,0,0
L49265,L,299.5,309.3,1342,56.5,7,0,0,0,0,0,0
M22620,M,300.4,311.7,1387,54.0,0,0,0,0,0,0,0
L49265,L,299.5,309.3,1342,56.5,7,0,0,0,0,0,0
L54337,L,300.2,310.1,1683,31.8,50,0,0,0,0,0,0
M20805,M,300.8,310.8,1415,44.5,173,0,0,0,0,0,0
M21926,M,300.7,310.7,1412,44.7,167,0,0,0,0,0,0
L52453,L,303.5,313.1,1395,44.1,120,0,0,0,0,0,0
L52807,L,302.7,312.3,1473,39.5,5,0,0,0,0,0,0
L53463,L,301.0,310.5,1596,29.8,62,0,0,0,0,0,0
L50117,L,300.7,309.6,1810,26.0,59,0,0,0,0,0,0
M23511,M,297.4,308.4,1651,34.2,105,0,0,0,0,0,0
M18362,M,301.8,310.9,1665,34.5,142,0,0,0,0,0,0
M23473,M,297.5,308.5,1652,28.5,4,0,0,0,0,0,0
M15776,M,295.6,306.1,1474,43.2,210,0,0,0,0,0,0
L47704,L,297.4,309.3,1620,35.4,51,0,0,0,0,0,0
L52684,L,302.8,312.1,1524,40.4,42,0,0,0,0,0,0
L55499,L,298.7,309.7,1608,31.4,180,0,0,0,0,0,0
M18013,M,300.5,309.7,1450,46.3,124,0,0,0,0,0,0
L55763,L,297.4,308.0,1519,38.0,154,0,0,0,0,0,0
M23708,M,297.5,308.9,1432,45.8,204,0,0,0,0,0,0
M15002,M,298.4,308.4,1468,39.0,161,0,0,0,0,0,0
L55794,L,297.5,308.4,1621,33.1,125,0,0,0,0,0,0
L47235,L,298.8,309.1,1512,40.7,40,0,0,0,0,0,0
L47235,L,298.8,309.1,1512,40.7,40,0,0,0,0,0,0
H30474,H,296.3,307.2,1841,26.8,105,0,0,0,0,0,0
L55549,L,298.8,309.7,1481,40.6,25,0,0,0,0,0,0
L55273,L,300.2,311.6,1511,38.7,160,0,0,0,0,0,0
L51094,L,302.5,311.5,1597,35.2,199,0,0,0,0,0,0
L53707,L,301.2,309.7,1516,44.4,140,0,0,0,0,0,0
L54960,L,300.4,311.6,1494,43.6,49,0,0,0,0,0,0
M20682,M,301.3,311.0,1351,50.2,214,0,0,0,0,0,0
M18524,M,302.3,311.7,1756,30.8,121,0,0,0,0,0,0
L54808,L,300.5,311.7,1408,47.5,179,0,0,0,0,0,0
L49461,L,299.4,308.7,1362,51.7,94,0,0,0,0,0,0
L53414,L,301.2,310.8,1524,43.5,155,0,0,0,0,0,0
M15755,M,296.9,307.8,1445,42.1,13,0,0,0,0,0,0
L48847,L,298.2,307.9,1384,43.8,184,0,0,0,0,0,0
H31178,H,298.3,307.9,1316,51.2,179,0,0,0,0,0,0
L51648,L,302.7,310.5,1369,49.6,209,0,0,0,0,0,0
L50497,L,301.5,310.5,1543,37.3,96,0,0,0,0,0,0
H32553,H,300.4,309.9,1693,29.8,210,0,0,0,0,0,0
L52712,L,302.4,311.8,1425,50.2,166,0,0,0,0,0,0
L49375,L,299.6,308.9,1438,47.0,119,0,0,0,0,0,0
L52712,L,302.4,311.8,1425,50.2,166,0,0,0,0,0,0
L49375,L,299.6,308.9,1438,47.0,119,0,0,0,0,0,0
L50669,L,301.9,310.9,1447,41.8,96,0,0,0,0,0,0
L55045,L,300.5,311.9,1471,48.6,39,0,0,0,0,0,0
L50669,L,301.9,310.9,1447,41.8,96,0,0,0,0,0,0
L55045,L,300.5,311.9,1471,48.6,39,0,0,0,0,0,0
M19694,M,303.5,312.0,1404,48.3,80,0,0,0,0,0,0
L48894,L,298.1,307.8,1357,48.8,76,0,0,0,0,0,0
M19694,M,303.5,312.0,1404,48.3,80,0,0,0,0,0,0
L48894,L,298.1,307.8,1357,48.8,76,0,0,0,0,0,0
M17050,M,299.6,309.0,1471,44.3,67,0,0,0,0,0,0
L51362,L,301.7,310.7,1558,40.3,119,0,0,0,0,0,0
M17050,M,299.6,309.0,1471,44.3,67,0,0,0,0,0,0
M16352,M,298.0,309.6,1479,51.1,28,0,0,0,0,0,0
L54763,L,300.4,311.3,1495,46.6,185,0,0,0,0,0,0
M22800,M,300.5,311.9,1525,37.5,33,0,0,0,0,0,0
M22189,M,299.9,310.6,1611,40.7,2,0,0,0,0,0,0
M23061,M,299.3,310.9,1826,25.1,20,0,0,0,0,0,0
M15664,M,296.9,307.8,1286,55.0,105,0,0,0,0,0,0
L53868,L,301.7,311.0,1577,42.0,24,0,0,0,0,0,0
M15252,M,297.5,308.6,1330,55.5,87,0,0,0,0,0,0
M16332,M,298.5,309.3,1520,41.1,124,0,0,0,0,0,0
L56446,L,298.2,308.8,1394,46.8,26,0,0,0,0,0,0
L47809,L,298.3,310.1,1666,26.0,0,0,0,0,0,0,0
L53447,L,300.9,310.4,1635,33.5,19,0,0,0,0,0,0
M16981,M,299.2,308.8,1435,37.4,25,0,0,0,0,0,0
L48798,L,297.9,307.8,1391,52.9,55,0,0,0,0,0,0
M18026,M,300.4,309.7,1397,52.7,156,0,0,0,0,0,0
L49642,L,298.9,308.6,1320,63.5,117,1,0,0,0,0,0
H39018,H,299.0,310.2,1405,38.0,20,1,0,0,0,0,0
L55966,L,297.5,308.5,1306,50.7,139,0,0,0,0,0,0
L55790,L,297.4,308.7,1462,38.3,0,0,0,0,0,0,0
L49488,L,299.2,308.5,1566,39.2,154,0,0,0,0,0,0
M22262,M,299.8,310.9,1636,35.1,156,0,0,0,0,0,0
L52182,L,303.7,312.7,1627,31.7,40,0,0,0,0,0,0
M20478,M,303.0,312.4,1392,53.5,129,0,0,0,0,0,0
L48205,L,296.3,307.2,2057,19.9,109,0,0,0,0,0,0
L54222,L,300.6,310.5,1642,42.4,59,0,0,0,0,0,0
L47240,L,298.8,309.1,1503,34.7,167,0,0,0,0,0,0
H38860,H,298.4,309.2,1366,53.2,121,0,0,0,0,0,0
L56447,L,298.2,308.8,1524,41.5,28,0,0,0,0,0,0
L54275,L,300.6,310.2,1583,32.8,148,0,0,0,0,0,0
L56796,L,299.0,310.1,1461,48.1,97,0,0,0,0,0,0
L55763,L,297.4,308.0,1438,44.8,154,0,0,0,0,0,0
M22470,M,300.5,311.3,1507,42.4,41,0,0,0,0,0,0
L47363,L,298.2,308.2,1423,44.0,59,0,0,0,0,0,0
L49650,L,298.9,308.5,1452,41.7,136,0,0,0,0,0,0
L57043,L,298.9,309.9,1352,56.3,84,0,0,0,0,0,0
L56574,L,297.7,308.2,1334,51.2,156,0,0,0,0,0,0
L56256,L,297.2,308.4,1474,44.3,28,0,0,0,0,0,0
L57148,L,298.4,308.0,1605,32.1,154,0,0,0,0,0,0
H36081,H,301.5,310.6,1454,39.9,198,0,0,0,0,0,0
L51486,L,301.6,310.0,1622,36.1,18,0,0,0,0,0,0
M22752,M,300.1,311.4,1459,38.6,84,0,0,0,0,0,0
L51486,L,301.6,310.0,1622,36.1,18,0,0,0,0,0,0
M22752,M,300.1,311.4,1459,38.6,84,0,0,0,0,0,0
L56291,L,297.6,308.6,1476,42.2,160,0,0,0,0,0,0
L52772,L,302.6,312.0,1559,35.0,69,0,0,0,0,0,0
L53387,L,300.9,310.8,1658,33.0,87,0,0,0,0,0,0
L57163,L,298.7,308.4,1372,63.7,195,0,0,0,0,0,0
L48990,L,298.1,307.6,1459,53.8,129,0,0,0,0,0,0
H29990,H,298.8,309.7,1440,51.1,191,0,0,0,0,0,0
M17086,M,299.4,308.9,1488,44.3,162,0,0,0,0,0,0
L47205,L,299.0,309.5,1861,30.1,73,0,0,0,0,0,0
L52712,L,302.4,311.8,1476,42.9,110,0,0,0,0,0,0
L56552,L,297.7,308.4,1487,36.4,84,0,0,0,0,0,0
L55402,L,299.0,310.5,1665,32.1,74,0,0,0,0,0,0
L51056,L,302.6,311.8,1627,38.2,23,0,0,0,0,0,0
L47381,L,298.3,308.5,1390,49.5,197,0,0,0,0,0,0
M16346,M,298.2,309.3,1426,48.4,136,0,0,0,0,0,0
H32395,H,300.6,309.2,1659,29.5,185,0,0,0,0,0,0
L48545,L,298.7,310.3,1412,49.9,70,0,0,0,0,0,0
L49729,L,299.4,309.2,1490,40.9,114,0,0,0,0,0,0
L55146,L,301.0,312.2,1474,40.7,67,0,0,0,0,0,0
L50656,L,301.8,310.6,1522,40.2,70,0,0,0,0,0,0
L48893,L,298.2,307.7,1515,46.7,74,0,0,0,0,0,0
L48640,L,299.0,310.3,1511,38.9,204,0,0,0,0,0,0
L50119,L,300.7,309.7,1431,41.4,199,0,0,0,0,0,0
H32557,H,300.4,309.8,1873,25.6,168,0,0,0,0,0,0
L50253,L,300.4,309.1,1483,38.0,171,0,0,0,0,0,0
M18156,M,301.2,310.3,1417,51.0,92,0,0,0,0,0,0
L50070,L,300.6,309.5,1419,40.0,78,0,0,0,0,0,0
L53128,L,300.7,310.9,1511,39.6,95,0,0,0,0,0,0
M23020,M,299.7,311.1,1309,30.3,139,0,0,0,0,0,0
L55823,L,297.3,308.5,1448,54.3,83,0,0,0,0,0,0
M18004,M,300.6,310.0,1478,43.7,95,0,0,0,0,0,0
M16308,M,299.0,310.3,1587,31.0,70,0,0,0,0,0,0
M19103,M,302.4,310.9,1447,41.6,83,0,0,0,0,0,0
L47825,L,297.7,309.4,1871,23.9,142,0,0,0,0,0,0
L53063,L,301.4,311.1,1800,33.8,135,0,0,0,0,0,0
H31072,H,298.1,308.0,1605,34.8,161,0,0,0,0,0,0
L55387,L,299.2,310.7,1535,41.2,17,0,0,0,0,0,0
L53022,L,301.4,311.2,1435,47.4,37,0,0,0,0,0,0
L47894,L,297.4,308.6,1439,36.2,116,0,0,0,0,0,0
M21831,M,300.7,311.0,1479,39.9,119,0,0,0,0,0,0
L52465,L,303.8,313.0,1523,39.8,150,0,0,0,0,0,0
L48445,L,297.2,308.9,1517,42.7,39,0,0,0,0,0,0
L49948,L,300.0,309.3,1419,47.5,5,0,0,0,0,0,0
L56897,L,298.9,309.9,1463,48.1,115,0,0,0,0,0,0
H38280,H,297.9,308.7,1429,39.0,136,0,0,0,0,0,0
H30850,H,298.8,309.8,1742,27.3,35,0,0,0,0,0,0
H37206,H,300.1,311.4,1612,30.7,75,0,0,0,0,0,0
H35475,H,300.8,310.8,1462,49.2,45,0,0,0,0,0,0
H35377,H,300.6,310.7,1981,19.3,99,0,0,0,0,0,0
L53637,L,300.7,310.1,1395,48.0,85,0,0,0,0,0,0
L50502,L,301.5,310.6,1351,52.9,137,0,0,0,0,0,0
L50502,L,301.5,310.6,1351,52.9,137,0,0,0,0,0,0
M20456,M,302.9,312.0,1510,43.9,55,0,0,0,0,0,0
H29990,H,297.3,309.0,1440,51.1,191,0,0,0,0,0,0
L51471,L,301.8,310.0,1396,49.0,203,0,0,0,0,0,0
L51471,L,301.8,310.0,1396,49.0,203,1,0,0,0,0,0
L53041,L,301.3,311.0,1554,37.0,84,1,0,0,0,0,0
M23338,M,298.5,309.6,1680,31.3,176,0,0,0,0,0,0
L55273,L,300.2,311.6,1365,49.0,162,0,0,0,0,0,0
L51970,L,303.8,312.8,1443,40.7,166,0,0,0,0,0,0
L54160,L,300.8,311.1,1505,45.5,141,0,0,0,0,0,0
L53518,L,300.4,309.8,1376,49.9,206,0,0,0,0,0,0
L54253,L,300.7,310.6,1689,29.9,13,0,0,0,0,0,0
M23954,M,297.3,308.5,1477,40.1,98,0,0,0,0,0,0
H31483,H,299.3,309.6,1553,34.0,181,0,0,0,0,0,0
L53273,L,301.0,310.8,1637,33.7,10,0,0,0,0,0,0
L53901,L,301.4,310.7,1544,36.9,106,0,0,0,0,0,0
L56379,L,297.9,308.4,1588,31.4,49,0,0,0,0,0,0
L50902,L,302.2,311.1,1548,38.9,66,0,0,0,0,0,0
M15827,M,295.9,306.6,1471,38.6,104,0,0,0,0,0,0
H36228,H,301.1,311.5,1479,41.2,0,0,0,0,0,0,0
